time,position_x,position_y,position_z,velocity_x,velocity_y,velocity_z,acceleration_x,acceleration_y,acceleration_z,net_force_x,net_force_y,net_force_z,drone_mode,velocity_magnitude
0.02,0.0,0.0,0.0020759999999999997,0.0,0.0,0.10379999999999999,0.0,0.0,5.1899999999999995,0.0,0.0,5.1899999999999995,takeoff,0.10379999999999999
0.04,0.0,0.0,0.006227569022399999,0.0,0.0,0.20757845111999998,0.0,0.0,5.188922556,0.0,0.0,5.188922556,takeoff,0.20757845111999998
0.06,0.0,0.0,0.012453414492265225,0.0,0.0,0.3112922734932612,0.0,0.0,5.185691118663062,0.0,0.0,5.185691118663062,takeoff,0.3112922734932612
0.08,0.0,0.0,0.020751383846948985,0.0,0.0,0.41489846773418804,0.0,0.0,5.1803097120463395,0.0,0.0,5.1803097120463395,takeoff,0.41489846773418804
0.1,0.0,0.0,0.03111846757209162,0.0,0.0,0.5183541862571317,0.0,0.0,5.172785926147181,0.0,0.0,5.172785926147181,takeoff,0.5183541862571317
0.12000000000000001,0.0,0.0,0.043550803654737846,0.0,0.0,0.6216168041323111,0.0,0.0,5.163130893758971,0.0,0.0,5.163130893758971,takeoff,0.6216168041323111
0.14,0.0,0.0,0.058043683439336885,0.0,0.0,0.7246439892299518,0.0,0.0,5.151359254882033,0.0,0.0,5.151359254882033,takeoff,0.7246439892299518
0.16,0.0,0.0,0.07459155886749083,0.0,0.0,0.8273937714076975,0.0,0.0,5.13748910888729,0.0,0.0,5.13748910888729,takeoff,0.8273937714076975
0.18,0.0,0.0,0.09318805107752622,0.0,0.0,0.929824610501769,0.0,0.0,5.1215419547035745,0.0,0.0,5.1215419547035745,takeoff,0.929824610501769
0.19999999999999998,0.0,0.0,0.11382596033530981,0.0,0.0,1.0318954628891794,0.0,0.0,5.103542619370523,0.0,0.0,5.103542619370523,takeoff,1.0318954628891794
0.21999999999999997,0.0,0.0,0.13649727726324015,0.0,0.0,1.1335658463965168,0.0,0.0,5.083519175366872,0.0,0.0,5.083519175366872,takeoff,1.1335658463965168
0.23999999999999996,0.0,0.0,0.16119319533004584,0.0,0.0,1.2347959033402836,0.0,0.0,5.0615028471883345,0.0,0.0,5.0615028471883345,takeoff,1.2347959033402836
0.25999999999999995,0.0,0.0,0.18790412455993527,0.0,0.0,1.3355464614944716,0.0,0.0,5.037527907709404,0.0,0.0,5.037527907709404,takeoff,1.3355464614944716
0.27999999999999997,0.0,0.0,0.21661970641579228,0.0,0.0,1.4357790927928509,0.0,0.0,5.011631564918959,0.0,0.0,5.011631564918959,takeoff,1.4357790927928509
0.3,0.0,0.0,0.24732882980751725,0.0,0.0,1.5354561695862488,0.0,0.0,4.9838538396698935,0.0,0.0,4.9838538396698935,takeoff,1.5354561695862488
0.32,0.0,0.0,0.2800196481732934,0.0,0.0,1.6345409182888078,0.0,0.0,4.954237435127952,0.0,0.0,4.954237435127952,takeoff,1.6345409182888078
0.34,0.0,0.0,0.31467959757852715,0.0,0.0,1.7329974702616868,0.0,0.0,4.922827598643957,0.0,0.0,4.922827598643957,takeoff,1.7329974702616868
0.36000000000000004,0.0,0.0,0.35129541577448353,0.0,0.0,1.83079090979782,0.0,0.0,4.8896719768066585,0.0,0.0,4.8896719768066585,takeoff,1.83079090979782
0.38000000000000006,0.0,0.0,0.389853162156224,0.0,0.0,1.9278873190870234,0.0,0.0,4.8548204644601665,0.0,0.0,4.8548204644601665,takeoff,1.9278873190870234
0.4000000000000001,0.0,0.0,0.43033823855736064,0.0,0.0,2.0242538200568303,0.0,0.0,4.818325048490345,0.0,0.0,4.818325048490345,takeoff,2.0242538200568303
0.4200000000000001,0.0,0.0,0.4727354108173767,0.0,0.0,2.119858613000801,0.0,0.0,4.780239647198533,0.0,0.0,4.780239647198533,takeoff,2.119858613000801
0.4400000000000001,0.0,0.0,0.5170288310558282,0.0,0.0,2.2146710119225737,0.0,0.0,4.740619946088631,0.0,0.0,4.740619946088631,takeoff,2.2146710119225737
0.46000000000000013,0.0,0.0,0.5632020605866377,0.0,0.0,2.308661476540473,0.0,0.0,4.699523230894984,0.0,0.0,4.699523230894984,takeoff,2.308661476540473
0.48000000000000015,0.0,0.0,0.6112380934049166,0.0,0.0,2.401801640913949,0.0,0.0,4.657008218673796,0.0,0.0,4.657008218673796,takeoff,2.401801640913949
0.5000000000000001,0.0,0.0,0.6611193801783037,0.0,0.0,2.494064338669355,0.0,0.0,4.613134887770306,0.0,0.0,4.613134887770306,takeoff,2.494064338669355
0.5200000000000001,0.0,0.0,0.712827852674674,0.0,0.0,2.5854236248185107,0.0,0.0,4.567964307457778,0.0,0.0,4.567964307457778,takeoff,2.5854236248185107
0.5400000000000001,0.0,0.0,0.7663449485582534,0.0,0.0,2.675854794178971,0.0,0.0,4.521558468023031,0.0,0.0,4.521558468023031,takeoff,2.675854794178971
0.5600000000000002,0.0,0.0,0.8216516364866516,0.0,0.0,2.76533439641991,0.0,0.0,4.473980112046941,0.0,0.0,4.473980112046941,takeoff,2.76533439641991
0.5800000000000002,0.0,0.0,0.878728441442089,0.0,0.0,2.853840247771864,0.0,0.0,4.425292567597693,0.0,0.0,4.425292567597693,takeoff,2.853840247771864
0.6000000000000002,0.0,0.0,0.9375554702311342,0.0,0.0,2.9413514394522586,0.0,0.0,4.375559584019742,0.0,0.0,4.375559584019742,takeoff,2.9413514394522586
0.6200000000000002,0.0,0.0,0.9981124370885647,0.0,0.0,3.027848342871523,0.0,0.0,4.324845170963212,0.0,0.0,4.324845170963212,takeoff,3.027848342871523
0.6400000000000002,0.0,0.0,1.060378689322498,0.0,0.0,3.113312611696663,0.0,0.0,4.273213441257017,0.0,0.0,4.273213441257017,takeoff,3.113312611696663
0.6600000000000003,0.0,0.0,1.1243332329397053,0.0,0.0,3.197727180860364,0.0,0.0,4.220728458185049,0.0,0.0,4.220728458185049,takeoff,3.197727180860364
0.6800000000000003,0.0,0.0,1.189954758191984,0.0,0.0,3.281076262613938,0.0,0.0,4.167454087678682,0.0,0.0,4.167454087678682,takeoff,3.281076262613938
0.7000000000000003,0.0,0.0,1.2572216649866192,0.0,0.0,3.3633453397317603,0.0,0.0,4.113453855891135,0.0,0.0,4.113453855891135,takeoff,3.3633453397317603
0.7200000000000003,0.0,0.0,1.3261120881062827,0.0,0.0,3.4445211559831694,0.0,0.0,4.058790812570464,0.0,0.0,4.058790812570464,takeoff,3.4445211559831694
0.7400000000000003,0.0,0.0,1.3966039221861855,0.0,0.0,3.524591703995138,0.0,0.0,4.003527400598436,0.0,0.0,4.003527400598436,takeoff,3.524591703995138
0.7600000000000003,0.0,0.0,1.4686748463988935,0.0,0.0,3.6035462106353955,0.0,0.0,3.9477253320128645,0.0,0.0,3.9477253320128645,takeoff,3.6035462106353955
0.7800000000000004,0.0,0.0,1.542302348799914,0.0,0.0,3.681375120051026,0.0,0.0,3.8914454707815276,0.0,0.0,3.8914454707815276,takeoff,3.681375120051026
0.8000000000000004,0.0,0.0,1.6174637502899532,0.0,0.0,3.7580700745019646,0.0,0.0,3.8347477225469286,0.0,0.0,3.8347477225469286,takeoff,3.7580700745019646
0.8200000000000004,0.0,0.0,1.6941362281525978,0.0,0.0,3.83362389313223,0.0,0.0,3.7776909315132796,0.0,0.0,3.7776909315132796,takeoff,3.83362389313223
0.8400000000000004,0.0,0.0,1.7722968391290825,0.0,0.0,3.9080305488242417,0.0,0.0,3.7203327846005676,0.0,0.0,3.7203327846005676,takeoff,3.9080305488242417
0.8600000000000004,0.0,0.0,1.8519225419947456,0.0,0.0,3.981285143283155,0.0,0.0,3.662729722945649,0.0,0.0,3.662729722945649,takeoff,3.981285143283155
0.8800000000000004,0.0,0.0,1.9329902196047235,0.0,0.0,4.053383880498901,0.0,0.0,3.6049368607872823,0.0,0.0,3.6049368607872823,takeoff,4.053383880498901
0.9000000000000005,0.0,0.0,2.015476700379394,0.0,0.0,4.124324038733524,0.0,0.0,3.547007911731167,0.0,0.0,3.547007911731167,takeoff,4.124324038733524
0.9200000000000005,0.0,0.0,2.0993587792030057,0.0,0.0,4.194103941180574,0.0,0.0,3.4889951223524793,0.0,0.0,3.4889951223524793,takeoff,4.194103941180574
0.9400000000000005,0.0,0.0,2.18461323771184,0.0,0.0,4.262722925441721,0.0,0.0,3.4309492130573576,0.0,0.0,3.4309492130573576,takeoff,4.262722925441721
0.9600000000000005,0.0,0.0,2.271216863951111,0.0,0.0,4.330181311963548,0.0,0.0,3.372919326091357,0.0,0.0,3.372919326091357,takeoff,4.330181311963548
0.9800000000000005,0.0,0.0,2.3591464713826027,0.0,0.0,4.396480371574591,0.0,0.0,3.3149529805521643,0.0,0.0,3.3149529805521643,takeoff,4.396480371574591
1.0000000000000004,0.0,0.0,2.4483789172277888,0.0,0.0,4.461622292259309,0.0,0.0,3.257096034235934,0.0,0.0,3.257096034235934,takeoff,4.461622292259309
1.0200000000000005,0.0,0.0,2.5388911201338233,0.0,0.0,4.525610145301739,0.0,0.0,3.199392652121478,0.0,0.0,3.199392652121478,takeoff,4.525610145301739
1.0400000000000005,0.0,0.0,2.630660077152368,0.0,0.0,4.588447850927223,0.0,0.0,3.1418852812741966,0.0,0.0,3.1418852812741966,takeoff,4.588447850927223
1.0600000000000005,0.0,0.0,2.723662880023685,0.0,0.0,4.650140143565866,0.0,0.0,3.084614631932134,0.0,0.0,3.084614631932134,takeoff,4.650140143565866
1.0800000000000005,0.0,0.0,2.81787673076081,0.0,0.0,4.710692536856261,0.0,0.0,3.027619664519722,0.0,0.0,3.027619664519722,takeoff,4.710692536856261
1.1000000000000005,0.0,0.0,2.9132789565308634,0.0,0.0,4.770111288502674,0.0,0.0,2.9709375823206723,0.0,0.0,2.9709375823206723,takeoff,4.770111288502674
1.1200000000000006,0.0,0.0,3.009847023832729,0.0,0.0,4.828403365093273,0.0,0.0,2.9146038295299355,0.0,0.0,2.9146038295299355,takeoff,4.828403365093273
1.1400000000000006,0.0,0.0,3.1075585519723523,0.0,0.0,4.885576406981184,0.0,0.0,2.8586520943955955,0.0,0.0,2.8586520943955955,takeoff,4.885576406981184
1.1600000000000006,0.0,0.0,3.206391325838838,0.0,0.0,4.941638693324282,0.0,0.0,2.8031143171548814,0.0,0.0,2.8031143171548814,takeoff,4.941638693324282
1.1800000000000006,0.0,0.0,3.3063233079863092,0.0,0.0,4.996599107373562,0.0,0.0,2.748020702464028,0.0,0.0,2.748020702464028,takeoff,4.996599107373562
1.2000000000000006,0.0,0.0,3.4073326500281884,0.0,0.0,5.05046710209395,0.0,0.0,2.6933997360193715,0.0,0.0,2.6933997360193715,takeoff,5.05046710209395
1.2200000000000006,0.0,0.0,3.5093977033520942,0.0,0.0,5.103252666195283,0.0,0.0,2.639278205066674,0.0,0.0,2.639278205066674,takeoff,5.103252666195283
1.2400000000000007,0.0,0.0,3.6124970291649987,0.0,0.0,5.154966290645225,0.0,0.0,2.5856812224970724,0.0,0.0,2.5856812224970724,takeoff,5.154966290645225
1.2600000000000007,0.0,0.0,3.7166094078795955,0.0,0.0,5.205618935729848,0.0,0.0,2.53263225423114,0.0,0.0,2.53263225423114,takeoff,5.205618935729848
1.2800000000000007,0.0,0.0,3.8217138478540313,0.0,0.0,5.255221998721789,0.0,0.0,2.480153149597084,0.0,0.0,2.480153149597084,takeoff,5.255221998721789
1.3000000000000007,0.0,0.0,3.927789593498233,0.0,0.0,5.303787282210091,0.0,0.0,2.4282641744150553,0.0,0.0,2.4282641744150553,takeoff,5.303787282210091
1.3200000000000007,0.0,0.0,4.034816132761037,0.0,0.0,5.351326963140224,0.0,0.0,2.3769840465066494,0.0,0.0,2.3769840465066494,takeoff,5.351326963140224
1.3400000000000007,0.0,0.0,4.142773204013184,0.0,0.0,5.39785356260736,0.0,0.0,2.3263299733568426,0.0,0.0,2.3263299733568426,takeoff,5.39785356260736
1.3600000000000008,0.0,0.0,4.251640802341997,0.0,0.0,5.443379916440654,0.0,0.0,2.276317691664702,0.0,0.0,2.276317691664702,takeoff,5.443379916440654
1.3800000000000008,0.0,0.0,4.361399185274222,0.0,0.0,5.487919146611235,0.0,0.0,2.226961508529053,0.0,0.0,2.226961508529053,takeoff,5.487919146611235
1.4000000000000008,0.0,0.0,4.472028877944057,0.0,0.0,5.5314846334917505,0.0,0.0,2.178274344025781,0.0,0.0,2.178274344025781,takeoff,5.5314846334917505
1.4200000000000008,0.0,0.0,4.583510677723869,0.0,0.0,5.5740899889906395,0.0,0.0,2.1302677749444627,0.0,0.0,2.1302677749444627,takeoff,5.5740899889906395
1.4400000000000008,0.0,0.0,4.695825658335467,0.0,0.0,5.6157490305799085,0.0,0.0,2.082952079463433,0.0,0.0,2.082952079463433,takeoff,5.6157490305799085
1.4600000000000009,0.0,0.0,4.808955173460087,0.0,0.0,5.65647575623099,0.0,0.0,2.0363362825540814,0.0,0.0,2.0363362825540814,takeoff,5.65647575623099
1.4800000000000009,0.0,0.0,4.922880859865474,0.0,0.0,5.696284320269332,0.0,0.0,1.990428201917104,0.0,0.0,1.990428201917104,takeoff,5.696284320269332
1.5000000000000009,0.0,0.0,5.037584640068567,0.0,0.0,5.73518901015464,0.0,0.0,1.9452344942653745,0.0,0.0,1.9452344942653745,takeoff,5.73518901015464
1.520000000000001,0.0,0.0,5.153048724552372,0.0,0.0,5.773204224190243,0.0,0.0,1.9007607017801438,0.0,0.0,1.9007607017801438,takeoff,5.773204224190243
1.540000000000001,0.0,0.0,5.269255613555608,0.0,0.0,5.810344450161827,0.0,0.0,1.8570112985791924,0.0,0.0,1.8570112985791924,takeoff,5.810344450161827
1.560000000000001,0.0,0.0,5.386188098453664,0.0,0.0,5.846624244902774,0.0,0.0,1.8139897370473652,0.0,0.0,1.8139897370473652,takeoff,5.846624244902774
1.580000000000001,0.0,0.0,5.503829262749275,0.0,0.0,5.882058214780604,0.0,0.0,1.7716984938915066,0.0,0.0,1.7716984938915066,takeoff,5.882058214780604
1.600000000000001,0.0,0.0,5.622162482691205,0.0,0.0,5.916660997096468,0.0,0.0,1.7301391157932007,0.0,0.0,1.7301391157932007,takeoff,5.916660997096468
1.620000000000001,0.0,0.0,5.741171427538951,0.0,0.0,5.950447242387343,0.0,0.0,1.6893122645437426,0.0,0.0,1.6893122645437426,takeoff,5.950447242387343
1.640000000000001,0.0,0.0,5.860840059491321,0.0,0.0,5.983431597618472,0.0,0.0,1.649217761556486,0.0,0.0,1.649217761556486,takeoff,5.983431597618472
1.660000000000001,0.0,0.0,5.981152633296355,0.0,0.0,6.015628690251714,0.0,0.0,1.6098546316620848,0.0,0.0,1.6098546316620848,takeoff,6.015628690251714
1.680000000000001,0.0,0.0,6.10209369555983,0.0,0.0,6.047053113173755,0.0,0.0,1.5712211461020442,0.0,0.0,1.5712211461020442,takeoff,6.047053113173755
1.700000000000001,0.0,0.0,6.223648083769164,0.0,0.0,6.077719410466666,0.0,0.0,1.5333148646455594,0.0,0.0,1.5333148646455594,takeoff,6.077719410466666
1.720000000000001,0.0,0.0,6.345800925049202,0.0,0.0,6.107642064001939,0.0,0.0,1.4961326767636711,0.0,0.0,1.4961326767636711,takeoff,6.107642064001939
1.740000000000001,0.0,0.0,6.468537634665962,0.0,0.0,6.136835480838007,0.0,0.0,1.4596708418034128,0.0,0.0,1.4596708418034128,takeoff,6.136835480838007
1.7600000000000011,0.0,0.0,6.5918439142939675,0.0,0.0,6.165313981400263,0.0,0.0,1.4239250281127735,0.0,0.0,1.4239250281127735,takeoff,6.165313981400263
1.7800000000000011,0.0,0.0,6.715705750062403,0.0,0.0,6.193091788421763,0.0,0.0,1.3888903510750432,0.0,0.0,1.3888903510750432,takeoff,6.193091788421763
1.8000000000000012,0.0,0.0,6.840109410394846,0.0,0.0,6.220183016622129,0.0,0.0,1.3545614100182917,0.0,0.0,1.3545614100182917,takeoff,6.220183016622129
1.8200000000000012,0.0,0.0,6.965041443656878,0.0,0.0,6.24660166310158,0.0,0.0,1.320932323972562,0.0,0.0,1.320932323972562,takeoff,6.24660166310158
1.8400000000000012,0.0,0.0,7.09048867562541,0.0,0.0,6.272361598426653,0.0,0.0,1.2879967662536567,0.0,0.0,1.2879967662536567,takeoff,6.272361598426653
1.8600000000000012,0.0,0.0,7.216438206793087,0.0,0.0,6.297476558383819,0.0,0.0,1.2557479978582635,0.0,0.0,1.2557479978582635,takeoff,6.297476558383819
1.8800000000000012,0.0,0.0,7.342877409520628,0.0,0.0,6.321960136377031,0.0,0.0,1.2241788996606289,0.0,0.0,1.2241788996606289,takeoff,6.321960136377031
1.9000000000000012,0.0,0.0,7.46979392504953,0.0,0.0,6.3458257764451504,0.0,0.0,1.1932820034059701,0.0,0.0,1.1932820034059701,takeoff,6.3458257764451504
1.9200000000000013,0.0,0.0,7.597175660387034,0.0,0.0,6.369086766875159,0.0,0.0,1.1630495215004295,0.0,0.0,1.1630495215004295,takeoff,6.369086766875159
1.9400000000000013,0.0,0.0,7.725010785074778,0.0,0.0,6.3917562343871905,0.0,0.0,1.1334733756015725,0.0,0.0,1.1334733756015725,takeoff,6.3917562343871905
1.9600000000000013,0.0,0.0,7.853287727852129,0.0,0.0,6.413847138867536,0.0,0.0,1.1045452240172473,0.0,0.0,1.1045452240172473,takeoff,6.413847138867536
1.9800000000000013,0.0,0.0,7.981995173224649,0.0,0.0,6.4353722686260175,0.0,0.0,1.0762564879240717,0.0,0.0,1.0762564879240717,takeoff,6.4353722686260175
2.0000000000000013,0.0,0.0,8.111122057947737,0.0,0.0,6.456344236154416,0.0,0.0,1.0485983764199212,0.0,0.0,1.0485983764199212,takeoff,6.456344236154416
2.0200000000000014,0.0,0.0,8.225618685504381,0.0,0.0,5.724831377832158,0.0,0.0,-36.57564291611289,0.0,0.0,-36.57564291611289,hover,5.724831377832158
2.0400000000000014,0.0,0.0,8.32677400405783,0.0,0.0,5.057765927672418,0.0,0.0,-33.353272507987,0.0,0.0,-33.353272507987,hover,5.057765927672418
2.0600000000000014,0.0,0.0,8.415728688908484,0.0,0.0,4.447734242532697,0.0,0.0,-30.50158425698605,0.0,0.0,-30.50158425698605,hover,4.447734242532697
2.0800000000000014,0.0,0.0,8.493497566919135,0.0,0.0,3.8884439005325824,0.0,0.0,-27.964517100005725,0.0,0.0,-27.964517100005725,hover,3.8884439005325824
2.1000000000000014,0.0,0.0,8.560987923223161,0.0,0.0,3.3745178152012674,0.0,0.0,-25.69630426656574,0.0,0.0,-25.69630426656574,hover,3.3745178152012674
2.1200000000000014,0.0,0.0,8.619014567074279,0.0,0.0,2.90133219255594,0.0,0.0,-23.659281132266358,0.0,0.0,-23.659281132266358,hover,2.90133219255594
2.1400000000000015,0.0,0.0,8.668312322708855,0.0,0.0,2.46488778172884,0.0,0.0,-21.82222054135502,0.0,0.0,-21.82222054135502,hover,2.46488778172884
2.1600000000000015,0.0,0.0,8.709546456366143,0.0,0.0,2.061706682864344,0.0,0.0,-20.159054943224792,0.0,0.0,-20.159054943224792,hover,2.061706682864344
2.1800000000000015,0.0,0.0,8.743321435770838,0.0,0.0,1.6887489702347689,0.0,0.0,-18.64788563147877,0.0,0.0,-18.64788563147877,hover,1.6887489702347689
2.2000000000000015,0.0,0.0,8.770188332191568,0.0,0.0,1.3433448210364731,0.0,0.0,-17.270207459914793,0.0,0.0,-17.270207459914793,hover,1.3433448210364731
2.2200000000000015,0.0,0.0,8.790651109831122,0.0,0.0,1.0231388819777558,0.0,0.0,-16.010296952935867,0.0,0.0,-16.010296952935867,hover,1.0231388819777558
2.2400000000000015,0.0,0.0,8.805171997267529,0.0,0.0,0.7260443718203481,0.0,0.0,-14.854725507870386,0.0,0.0,-14.854725507870386,hover,0.7260443718203481
2.2600000000000016,0.0,0.0,8.814176097014737,0.0,0.0,0.450204987360428,0.0,0.0,-13.791969222996002,0.0,0.0,-13.791969222996002,hover,0.450204987360428
2.2800000000000016,0.0,0.0,8.818055359167161,0.0,0.0,0.19396310762122965,0.0,0.0,-12.812093986959917,0.0,0.0,-12.812093986959917,hover,0.19396310762122965
2.3000000000000016,0.0,0.0,8.817172021460456,0.0,0.0,-0.04416688533526961,0.0,0.0,-11.906499647824962,0.0,0.0,-11.906499647824962,hover,0.04416688533526961
2.3200000000000016,0.0,0.0,8.81186175545096,0.0,0.0,-0.26551330047478905,0.0,0.0,-11.067320756975972,0.0,0.0,-11.067320756975972,hover,0.26551330047478905
2.3400000000000016,0.0,0.0,8.802441436196636,0.0,0.0,-0.4710159627162247,0.0,0.0,-10.275133112071783,0.0,0.0,-10.275133112071783,hover,0.4710159627162247
2.3600000000000017,0.0,0.0,8.789212358029001,0.0,0.0,-0.661453908381778,0.0,0.0,-9.521897283277662,0.0,0.0,-9.521897283277662,hover,0.661453908381778
2.3800000000000017,0.0,0.0,8.772460343943951,0.0,0.0,-0.8376007042524771,0.0,0.0,-8.807339793534954,0.0,0.0,-8.807339793534954,hover,0.8376007042524771
2.4000000000000017,0.0,0.0,8.752455963213649,0.0,0.0,-1.0002190365151238,0.0,0.0,-8.130916613132335,0.0,0.0,-8.130916613132335,hover,1.0002190365151238
2.4200000000000017,0.0,0.0,8.729454839535094,0.0,0.0,-1.150056183927687,0.0,0.0,-7.491857370628166,0.0,0.0,-7.491857370628166,hover,1.150056183927687
2.4400000000000017,0.0,0.0,8.703698033457817,0.0,0.0,-1.2878403038638626,0.0,0.0,-6.889205996808778,0.0,0.0,-6.889205996808778,hover,1.2878403038638626
2.4600000000000017,0.0,0.0,8.67541248433147,0.0,0.0,-1.414277456317283,0.0,0.0,-6.321857622671025,0.0,0.0,-6.321857622671025,hover,1.414277456317283
2.4800000000000018,0.0,0.0,8.6448114985318,0.0,0.0,-1.530049289983528,0.0,0.0,-5.788591683312248,0.0,0.0,-5.788591683312248,hover,1.530049289983528
2.5000000000000018,0.0,0.0,8.61209527221883,0.0,0.0,-1.6358113156484855,0.0,0.0,-5.288101283247867,0.0,0.0,-5.288101283247867,hover,1.6358113156484855
2.520000000000002,0.0,0.0,8.577451438322768,0.0,0.0,-1.732191694803128,0.0,0.0,-4.819018957732125,0.0,0.0,-4.819018957732125,hover,1.732191694803128
2.540000000000002,0.0,0.0,8.541055628817832,0.0,0.0,-1.8197904752468204,0.0,0.0,-4.379939022184621,0.0,0.0,-4.379939022184621,hover,1.8197904752468204
2.560000000000002,0.0,0.0,8.503072044616497,0.0,0.0,-1.8991792100667486,0.0,0.0,-3.9694367409964135,0.0,0.0,-3.9694367409964135,hover,1.8991792100667486
2.580000000000002,0.0,0.0,8.463654026586799,0.0,0.0,-1.970900901484927,0.0,0.0,-3.5860845709089233,0.0,0.0,-3.5860845709089233,hover,1.970900901484927
2.600000000000002,0.0,0.0,8.422944622258807,0.0,0.0,-2.0354702163995966,0.0,0.0,-3.228465745733469,0.0,0.0,-3.228465745733469,hover,2.0354702163995966
2.620000000000002,0.0,0.0,8.3810771437424,0.0,0.0,-2.093373925820368,0.0,0.0,-2.895185471038571,0.0,0.0,-2.895185471038571,hover,2.093373925820368
2.640000000000002,0.0,0.0,8.338175713229239,0.0,0.0,-2.14507152565812,0.0,0.0,-2.5848799918875804,0.0,0.0,-2.5848799918875804,hover,2.14507152565812
2.660000000000002,0.0,0.0,8.294355793201781,0.0,0.0,-2.190996001372933,0.0,0.0,-2.2962237857406587,0.0,0.0,-2.2962237857406587,hover,2.190996001372933
2.680000000000002,0.0,0.0,8.249724699127162,0.0,0.0,-2.231554703730925,0.0,0.0,-2.027935117899605,0.0,0.0,-2.027935117899605,hover,2.231554703730925
2.700000000000002,0.0,0.0,8.204382092980653,0.0,0.0,-2.2671303073254503,0.0,0.0,-1.7787801797262504,0.0,0.0,-1.7787801797262504,hover,2.2671303073254503
2.720000000000002,0.0,0.0,8.158420456429589,0.0,0.0,-2.2980818275531982,0.0,0.0,-1.5475760113873975,0.0,0.0,-1.5475760113873975,hover,2.2980818275531982
2.740000000000002,0.0,0.0,8.111925542921758,0.0,0.0,-2.324745675391488,0.0,0.0,-1.3331923919144846,0.0,0.0,-1.3331923919144846,hover,2.324745675391488
2.760000000000002,0.0,0.0,8.064976808269707,0.0,0.0,-2.347436732602542,0.0,0.0,-1.1345528605526911,0.0,0.0,-1.1345528605526911,hover,2.347436732602542
2.780000000000002,0.0,0.0,8.017647819611584,0.0,0.0,-2.366449432906099,0.0,0.0,-0.9506350151778739,0.0,0.0,-0.9506350151778739,hover,2.366449432906099
2.800000000000002,0.0,0.0,7.97000664286694,0.0,0.0,-2.382058837232223,0.0,0.0,-0.7804702163061865,0.0,0.0,-0.7804702163061865,hover,2.382058837232223
2.820000000000002,0.0,0.0,7.922116208998647,0.0,0.0,-2.394521693414663,0.0,0.0,-0.6231428091220121,0.0,0.0,-0.6231428091220121,hover,2.394521693414663
2.840000000000002,0.0,0.0,7.874034659545902,0.0,0.0,-2.4040774726372063,0.0,0.0,-0.4777889611271562,0.0,0.0,-0.4777889611271562,hover,2.4040774726372063
2.860000000000002,0.0,0.0,7.825815672013349,0.0,0.0,-2.410949376627645,0.0,0.0,-0.3435951995219383,0.0,0.0,-0.3435951995219383,hover,2.410949376627645
2.880000000000002,0.0,0.0,7.777508765792689,0.0,0.0,-2.415345311033012,0.0,0.0,-0.21979672026834396,0.0,0.0,-0.21979672026834396,hover,2.415345311033012
2.900000000000002,0.0,0.0,7.72915958936006,0.0,0.0,-2.417458821631441,0.0,0.0,-0.10567552992144524,0.0,0.0,-0.10567552992144524,hover,2.417458821631441
2.920000000000002,0.0,0.0,7.680810189538757,0.0,0.0,-2.4174699910651656,0.0,0.0,-0.0005584716862363504,0.0,0.0,-0.0005584716862363504,hover,2.4174699910651656
2.940000000000002,0.0,0.0,7.632499263645981,0.0,0.0,-2.4155462946388435,0.0,0.0,0.09618482131610051,0.0,0.0,0.09618482131610051,hover,2.4155462946388435
2.960000000000002,0.0,0.0,7.584262395357201,0.0,0.0,-2.4118434144389673,0.0,0.0,0.1851440099938092,0.0,0.0,0.1851440099938092,hover,2.4118434144389673
2.980000000000002,0.0,0.0,7.53613227512494,0.0,0.0,-2.406506011613073,0.0,0.0,0.26687014129471986,0.0,0.0,0.26687014129471986,hover,2.406506011613073
3.000000000000002,0.0,0.0,7.488138905982552,0.0,0.0,-2.3996684571193865,0.0,0.0,0.3418777246843361,0.0,0.0,0.3418777246843361,hover,2.3996684571193865
3.0200000000000022,0.0,0.0,7.440309795549868,0.0,0.0,-2.3914555216342346,0.0,0.0,0.410646774257596,0.0,0.0,0.410646774257596,hover,2.3914555216342346
3.0400000000000023,0.0,0.0,7.392670135037868,0.0,0.0,-2.3819830256000136,0.0,0.0,0.47362480171104604,0.0,0.0,0.47362480171104604,hover,2.3819830256000136
3.0600000000000023,0.0,0.0,7.345242966025405,0.0,0.0,-2.371358450623125,0.0,0.0,0.531228748844445,0.0,0.0,0.531228748844445,hover,2.371358450623125
3.0800000000000023,0.0,0.0,7.298049335753407,0.0,0.0,-2.3596815135999294,0.0,0.0,0.583846851159772,0.0,0.0,0.583846851159772,hover,2.3596815135999294
3.1000000000000023,0.0,0.0,7.251108441652029,0.0,0.0,-2.3470447050689107,0.0,0.0,0.6318404265509373,0.0,0.0,0.6318404265509373,hover,2.3470447050689107
3.1200000000000023,0.0,0.0,7.204437765784688,0.0,0.0,-2.333533793367075,0.0,0.0,0.6755455850918046,0.0,0.0,0.6755455850918046,hover,2.333533793367075
3.1400000000000023,0.0,0.0,7.158053199860382,0.0,0.0,-2.3192282962152855,0.0,0.0,0.7152748575894736,0.0,0.0,0.7152748575894736,hover,2.3192282962152855
3.1600000000000024,0.0,0.0,7.111969161432847,0.0,0.0,-2.30420192137679,0.0,0.0,0.751318741924774,0.0,0.0,0.751318741924774,hover,2.30420192137679
3.1800000000000024,0.0,0.0,7.06619870187223,0.0,0.0,-2.288522978030866,0.0,0.0,0.7839471672961935,0.0,0.0,0.7839471672961935,hover,2.288522978030866
3.2000000000000024,0.0,0.0,7.020753606662555,0.0,0.0,-2.2722547604837344,0.0,0.0,0.8134108773565724,0.0,0.0,0.8134108773565724,hover,2.2722547604837344
3.2200000000000024,0.0,0.0,6.975644488546447,0.0,0.0,-2.2554559058053836,0.0,0.0,0.8399427339175347,0.0,0.0,0.8399427339175347,hover,2.2554559058053836
3.2400000000000024,0.0,0.0,6.930880874007709,0.0,0.0,-2.2381807269368905,0.0,0.0,0.863758943424661,0.0,0.0,0.863758943424661,hover,2.2381807269368905
3.2600000000000025,0.0,0.0,6.886471283552492,0.0,0.0,-2.2204795227608436,0.0,0.0,0.8850602088023464,0.0,0.0,0.8850602088023464,hover,2.2204795227608436
3.2800000000000025,0.0,0.0,6.842423306221097,0.0,0.0,-2.2023988665697742,0.0,0.0,0.9040328095534651,0.0,0.0,0.9040328095534651,hover,2.2023988665697742
3.3000000000000025,0.0,0.0,6.7987436687349785,0.0,0.0,-2.1839818743058887,0.0,0.0,0.920849613194272,0.0,0.0,0.920849613194272,hover,2.1839818743058887
3.3200000000000025,0.0,0.0,6.755438299657351,0.0,0.0,-2.1652684538813727,0.0,0.0,0.9356710212257937,0.0,0.0,0.9356710212257937,hover,2.1652684538813727
3.3400000000000025,0.0,0.0,6.712512388920885,0.0,0.0,-2.1462955368233136,0.0,0.0,0.948645852902958,0.0,0.0,0.948645852902958,hover,2.1462955368233136
3.3600000000000025,0.0,0.0,6.669970443052448,0.0,0.0,-2.127097293421832,0.0,0.0,0.9599121700740694,0.0,0.0,0.9599121700740694,hover,2.127097293421832
3.3800000000000026,0.0,0.0,6.627816336402546,0.0,0.0,-2.1077053324951276,0.0,0.0,0.9695980463352378,0.0,0.0,0.9695980463352378,hover,2.1077053324951276
3.4000000000000026,0.0,0.0,6.586053358666118,0.0,0.0,-2.088148886821404,0.0,0.0,0.9778222836861674,0.0,0.0,0.9778222836861674,hover,2.088148886821404
3.4200000000000026,0.0,0.0,6.544684258961606,0.0,0.0,-2.068454985225574,0.0,0.0,0.9846950797915,0.0,0.0,0.9846950797915,hover,2.068454985225574
3.4400000000000026,0.0,0.0,6.503711286716635,0.0,0.0,-2.0486486122485297,0.0,0.0,0.9903186488522233,0.0,0.0,0.9903186488522233,hover,2.0486486122485297
3.4600000000000026,0.0,0.0,6.463136229591257,0.0,0.0,-2.028752856268953,0.0,0.0,0.9947877989788392,0.0,0.0,0.9947877989788392,hover,2.028752856268953
3.4800000000000026,0.0,0.0,6.422960448653412,0.0,0.0,-2.008789046892228,0.0,0.0,0.9981904688362384,0.0,0.0,0.9981904688362384,hover,2.008789046892228
3.5000000000000027,0.0,0.0,6.383184911006048,0.0,0.0,-1.9887768823681706,0.0,0.0,1.0006082262028664,0.0,0.0,1.0006082262028664,hover,1.9887768823681706
3.5200000000000027,0.0,0.0,6.3438102200510675,0.0,0.0,-1.968734547749047,0.0,0.0,1.0021167309561803,0.0,0.0,1.0021167309561803,hover,1.968734547749047
3.5400000000000027,0.0,0.0,6.304836643562033,0.0,0.0,-1.9486788244517457,0.0,0.0,1.0027861648650676,0.0,0.0,1.0027861648650676,hover,1.9486788244517457
3.5600000000000027,0.0,0.0,6.266264139725173,0.0,0.0,-1.928625191842962,0.0,0.0,1.0026816304391812,0.0,0.0,1.0026816304391812,hover,1.928625191842962
3.5800000000000027,0.0,0.0,6.228092381296697,0.0,0.0,-1.9085879214238295,0.0,0.0,1.0018635209566258,0.0,0.0,1.0018635209566258,hover,1.9085879214238295
3.6000000000000028,0.0,0.0,6.190320778013686,0.0,0.0,-1.88858016415051,0.0,0.0,1.0003878636659769,0.0,0.0,1.0003878636659769,hover,1.88858016415051
3.6200000000000028,0.0,0.0,6.152948497385891,0.0,0.0,-1.8686140313897668,0.0,0.0,0.9983066380371637,0.0,0.0,0.9983066380371637,hover,1.8686140313897668
3.640000000000003,0.0,0.0,6.115974483986423,0.0,0.0,-1.8487006699733959,0.0,0.0,0.9956680708185485,0.0,0.0,0.9956680708185485,hover,1.8487006699733959
3.660000000000003,0.0,0.0,6.079397477350773,0.0,0.0,-1.8288503317824854,0.0,0.0,0.9925169095455215,0.0,0.0,0.9925169095455215,hover,1.8288503317824854
3.680000000000003,0.0,0.0,6.043216028585539,0.0,0.0,-1.809072438261711,0.0,0.0,0.988894676038717,0.0,0.0,0.988894676038717,hover,1.809072438261711
3.700000000000003,0.0,0.0,6.007428515780837,0.0,0.0,-1.7893756402351468,0.0,0.0,0.9848399013282001,0.0,0.0,0.9848399013282001,hover,1.7893756402351468
3.720000000000003,0.0,0.0,5.972033158313471,0.0,0.0,-1.7697678733682767,0.0,0.0,0.9803883433435089,0.0,0.0,0.9803883433435089,hover,1.7697678733682767
3.740000000000003,0.0,0.0,5.937028030121553,0.0,0.0,-1.7502564095959137,0.0,0.0,0.9755731886181467,0.0,0.0,0.9755731886181467,hover,1.7502564095959137
3.760000000000003,0.0,0.0,5.902411072025303,0.0,0.0,-1.7308479048124892,0.0,0.0,0.9704252391712249,0.0,0.0,0.9704252391712249,hover,1.7308479048124892
3.780000000000003,0.0,0.0,5.868180103163312,0.0,0.0,-1.71154844309953,0.0,0.0,0.9649730856479588,0.0,0.0,0.9649730856479588,hover,1.71154844309953
3.800000000000003,0.0,0.0,5.834332831608411,0.0,0.0,-1.692363577745033,0.0,0.0,0.9592432677248466,0.0,0.0,0.9592432677248466,hover,1.692363577745033
3.820000000000003,0.0,0.0,5.800866864222597,0.0,0.0,-1.6732983692907517,0.0,0.0,0.9532604227140629,0.0,0.0,0.9532604227140629,hover,1.6732983692907517
3.840000000000003,0.0,0.0,5.767779715806076,0.0,0.0,-1.6543574208260512,0.0,0.0,0.9470474232350206,0.0,0.0,0.9470474232350206,hover,1.6543574208260512
3.860000000000003,0.0,0.0,5.735068817591459,0.0,0.0,-1.6355449107308766,0.0,0.0,0.9406255047587244,0.0,0.0,0.9406255047587244,hover,1.6355449107308766
3.880000000000003,0.0,0.0,5.70273152513035,0.0,0.0,-1.6168646230554287,0.0,0.0,0.9340143837723919,0.0,0.0,0.9340143837723919,hover,1.6168646230554287
3.900000000000003,0.0,0.0,5.670765125616144,0.0,0.0,-1.5983199757102768,0.0,0.0,0.9272323672575908,0.0,0.0,0.9272323672575908,hover,1.5983199757102768
3.920000000000003,0.0,0.0,5.639166844683588,0.0,0.0,-1.5799140466277848,0.0,0.0,0.9202964541246039,0.0,0.0,0.9202964541246039,hover,1.5799140466277848
3.940000000000003,0.0,0.0,5.607933852722712,0.0,0.0,-1.5616495980438103,0.0,0.0,0.9132224291987223,0.0,0.0,0.9132224291987223,hover,1.5616495980438103
3.960000000000003,0.0,0.0,5.57706327074196,0.0,0.0,-1.5435290990376018,0.0,0.0,0.9060249503104242,0.0,0.0,0.9060249503104242,hover,1.5435290990376018
3.980000000000003,0.0,0.0,5.546552175812809,0.0,0.0,-1.525554746457587,0.0,0.0,0.8987176290007416,0.0,0.0,0.8987176290007416,hover,1.525554746457587
4.000000000000003,0.0,0.0,5.516397606125783,0.0,0.0,-1.5077284843512802,0.0,0.0,0.8913131053153376,0.0,0.0,0.8913131053153376,hover,1.5077284843512802
4.020000000000002,0.0016,0.0016,5.488031668039249,0.08,0.08,-1.4182969043266733,4.0,4.0,4.471579001230336,4.0,4.0,4.471579001230336,navigate,1.4228022029862846
4.040000000000002,0.004682167032950444,0.004682167032950444,5.4613416385227405,0.15410835164752218,0.15410835164752218,-1.334501475825447,3.7054175823761097,3.7054175823761097,4.18977142506132,3.7054175823761097,3.7054175823761097,4.18977142506132,navigate,1.3521808152297268
4.060000000000001,0.009136501345705417,0.009136501345705417,5.436223017253309,0.2227167156377487,0.2227167156377487,-1.2559310634715615,3.430418199511326,3.430418199511326,3.9285206176942755,3.430418199511326,3.430418199511326,3.9285206176942755,navigate,1.2948236586662059
4.080000000000001,0.014860187900587452,0.014860187900587452,5.412578769429121,0.2861843277441017,0.2861843277441017,-1.182212391209411,3.1733806053176496,3.1733806053176496,3.685933613107525,3.1733806053176496,3.1733806053176496,3.685933613107525,navigate,1.2495715573034463
4.1000000000000005,0.021757023934463472,0.021757023934463472,5.390318646296233,0.344841801693801,0.344841801693801,-1.1130061566444232,2.9328736974849656,2.9328736974849656,3.460311728249393,2.9328736974849656,2.9328736974849656,3.460311728249393,navigate,1.2151602532667218
4.12,0.029736914304777273,0.029736914304777273,5.369358576099338,0.39899451851569,0.39899451851569,-1.048003509844772,2.70763584109445,2.70763584109445,3.25013233998256,2.70763584109445,2.70763584109445,3.25013233998256,navigate,1.1902540099735417
4.14,0.038715426624700455,0.038715426624700455,5.349620119570548,0.4489256159961591,0.4489256159961591,-0.9869228264394934,2.496554874023454,2.496554874023454,3.0540341702639333,2.496554874023454,2.496554874023454,3.0540341702639333,navigate,1.173492685423467
4.159999999999999,0.04861339830386242,0.04861339830386242,5.331029984771833,0.4948985839580985,0.4948985839580985,-0.9295067399357424,2.2986483980969705,2.2986483980969705,2.8708043251875504,2.2986483980969705,2.2986483980969705,2.8708043251875504,navigate,1.1635428640120802
4.179999999999999,0.059356587818209,0.059356587818209,5.313519596258583,0.5371594757173288,0.5371594757173288,-0.8755194256625071,2.1130445879615176,2.1130445879615176,2.6993657136617686,2.1130445879615176,2.1130445879615176,2.6993657136617686,navigate,1.159144024450041
4.199999999999998,0.07087536298843858,0.07087536298843858,5.297024713388676,0.5759387585114785,0.5759387585114785,-0.8247441434953816,1.9389641397074853,1.9389641397074853,2.5387641083562715,1.9389641397074853,1.9389641397074853,2.5387641083562715,navigate,1.159143567182865
4.219999999999998,0.08310441977808053,0.08310441977808053,5.281485092423691,0.6114528394820977,0.6114528394820977,-0.7769810482492431,1.7757040485309614,1.7757040485309614,2.3881547623069252,1.7757040485309614,1.7757040485309614,2.3881547623069252,navigate,1.1625182575598254
4.2399999999999975,0.09598252605304369,0.09598252605304369,5.26684418703849,0.6439053137481582,0.6439053137481582,-0.7320452692600082,1.6226237133030232,1.6226237133030232,2.2467889494617417,1.6226237133030232,1.6226237133030232,2.2467889494617417,navigate,1.168382806443242
4.259999999999997,0.10945228575201457,0.10945228575201457,5.253048882044869,0.6734879849485438,0.6734879849485438,-0.6897652496810642,1.4791335600192803,1.4791335600192803,2.1140009789471987,1.4791335600192803,1.4791335600192803,2.1140009789471987,navigate,1.1759881935664493
4.279999999999997,0.12345991988670355,0.12345991988670355,5.240049255526763,0.7003817067344484,0.7003817067344484,-0.6499813259052698,1.344686089295233,1.344686089295233,1.9891961887897205,1.344686089295233,1.344686089295233,1.9891961887897205,navigate,1.1847129586030916
4.299999999999996,0.13795506164469745,0.13795506164469745,5.2277983651124895,0.7247570878996952,0.7247570878996952,-0.6125445207136715,1.2187690582623387,1.2187690582623387,1.8718402595799173,1.2187690582623387,1.2187690582623387,1.8718402595799173,navigate,1.1940504439838522
4.319999999999996,0.15289056356941255,0.15289056356941255,5.216252054697402,0.7467750962357544,0.7467750962357544,-0.577315520754378,1.1009004168029646,1.1009004168029646,1.7614499979646758,1.1009004168029646,1.1009004168029646,1.7614499979646758,navigate,1.2035943250197465
4.339999999999995,0.16822231533782625,0.16822231533782625,5.205368778514994,0.7665875884206843,0.7665875884206843,-0.544163809120416,0.9906246092464914,0.9906246092464914,1.6575855816980987,0.9906246092464914,0.9906246092464914,1.6575855816980987,navigate,1.213024036281937
4.359999999999995,0.18390907106335394,0.18390907106335394,5.195109439993748,0.784337786276384,0.784337786276384,-0.512966926062311,0.887509892784983,0.887509892784983,1.5598441529052474,0.887509892784983,0.887509892784983,1.5598441529052474,navigate,1.2220910740185011
4.379999999999995,0.19991228534293903,0.19991228534293903,5.185437243309058,0.8001607139792554,0.8001607139792554,-0.4836098342344842,0.7911463851435684,0.7911463851435684,1.4678545913913381,0.7911463851435684,0.7911463851435684,1.4678545913913381,navigate,1.2306066829657187
4.399999999999994,0.21619595746979606,0.21619595746979606,5.176317555937407,0.8141836063428509,0.8141836063428509,-0.45598436858251884,0.701144618179779,0.701144618179779,1.3812732825982703,0.701144618179779,0.701144618179779,1.3812732825982703,navigate,1.2384311180144414
4.419999999999994,0.23272648336924237,0.23272648336924237,5.167717780846278,0.8265262949723151,0.8265262949723151,-0.4299887545564773,0.6171344314732092,0.6171344314732092,1.2997807013020777,0.6171344314732092,0.6171344314732092,1.2997807013020777,navigate,1.2454644762522757
4.439999999999993,0.24947251490346897,0.24947251490346897,5.15960723721561,0.8373015767113305,0.8373015767113305,-0.4055271815333989,0.5387640869507696,0.5387640869507696,1.2230786511539198,0.5387640869507696,0.5387640869507696,1.2230786511539198,navigate,1.251638987763238
4.459999999999993,0.26640482624645984,0.26640482624645984,5.151957048794556,0.8466155671495436,0.8466155671495436,-0.3825094210526755,0.4656995219106519,0.4656995219106519,1.1508880240361703,0.4656995219106519,0.4656995219106519,1.1508880240361703,navigate,1.2569126040715557
4.479999999999992,0.28349618706335805,0.28349618706335805,5.144740039160441,0.8545680408449102,0.8545680408449102,-0.36085048170577605,0.3976236847683328,0.3976236847683328,1.082946967344973,0.3976236847683328,0.3976236847683328,1.082946967344973,navigate,1.2612637087517848
4.499999999999992,0.3007212422471596,0.3007212422471596,5.13793063327406,0.8612527591900786,0.8612527591900786,-0.34047029431906717,0.3342359172584181,0.3342359172584181,1.0190093693354438,0.3342359172584181,0.3342359172584181,1.0190093693354438,navigate,1.2646867800917188
4.519999999999992,0.31805639797514274,0.31805639797514274,5.1315047648243155,0.8667577863991562,0.8667577863991562,-0.3212934224872164,0.2752513604538845,0.2752513604538845,0.9588435915925411,0.2752513604538845,0.2752513604538845,0.9588435915925411,navigate,1.267188850921866
4.539999999999991,0.33547971385165193,0.33547971385165193,5.125439788931907,0.8711657938254601,0.8711657938254601,-0.3032487946203832,0.22040037131519497,0.22040037131519497,0.9022313933416587,0.22040037131519497,0.22040037131519497,0.9022313933416587,navigate,1.26878662985618
4.559999999999991,0.3529708009052604,0.3529708009052604,5.1197143998414685,0.8745543526804243,0.8745543526804243,-0.28626945452196395,0.16942794274820688,0.16942794274820688,0.8489670049209607,0.16942794274820688,0.16942794274820688,0.8489670049209607,navigate,1.269504167845405
4.57999999999999,0.37051072520856265,0.37051072520856265,5.1143085532781125,0.8769962151651138,0.8769962151651138,-0.2702923281678003,0.12209312423448053,0.12209312423448053,0.7988563177081832,0.12209312423448053,0.12209312423448053,0.7988563177081832,navigate,1.26937097236948
4.59999999999999,0.38808191688893057,0.38808191688893057,5.109203393180986,0.8785595840183964,0.8785595840183964,-0.25525800485631805,0.07816844266412708,0.07816844266412708,0.751716165574113,0.07816844266412708,0.07816844266412708,0.751716165574113,navigate,1.268420488002454
4.6199999999999894,0.4056680842991096,0.4056680842991096,5.1043811825554375,0.8793083705089517,0.8793083705089517,-0.2411105312774425,0.03743932452776649,0.03743932452776649,0.707373678943778,0.03743932452776649,0.03743932452776649,0.707373678943778,navigate,1.2666888762387971
4.639999999999989,0.4232541331178685,0.4232541331178685,5.09982523820875,0.879302440937946,0.879302440937946,-0.22779721733441272,-0.00029647855028554215,-0.00029647855028554215,0.6656656971514898,-0.00029647855028554215,-0.00029647855028554215,0.6656656971514898,navigate,1.2642140394348425
4.659999999999989,0.4408260901531903,0.4408260901531903,5.0955198691533745,0.8785978517660888,0.8785978517660888,-0.2152684527687571,-0.0352294585928558,-0.0352294585928558,0.6264382282827798,-0.0352294585928558,-0.0352294585928558,0.6264382282827798,navigate,1.2610348436952197
4.679999999999988,0.4583710316237301,0.4583710316237301,5.0914503184773405,0.8772470735269894,0.8772470735269894,-0.20347753380169958,-0.0675389119549719,-0.0675389119549719,0.589545948352877,-0.0675389119549719,-0.0675389119549719,0.589545948352877,navigate,1.2571905037763194
4.699999999999988,0.475877015698421,0.475877015698421,5.087602708494776,0.8752992037345435,0.8752992037345435,-0.19238049912821958,-0.0973934896222929,-0.0973934896222929,0.5548517336740001,-0.0973934896222929,-0.0973934896222929,0.5548517336740001,navigate,1.2527200998473182
4.719999999999987,0.49333301907908883,0.49333301907908883,5.083963989000918,0.8728001690333914,0.8728001690333914,-0.18193597469288209,-0.1249517350576054,-0.1249517350576054,0.5222262217668745,-0.1249517350576054,-0.1249517350576054,0.5222262217668745,navigate,1.2476622014859962
4.739999999999987,0.5107288774166325,0.5107288774166325,5.080521888465978,0.8697929168771834,0.8697929168771834,-0.17210502674698744,-0.1503626078104025,-0.1503626078104025,0.49154739729473224,-0.1503626078104025,-0.1503626078104025,0.49154739729473224,navigate,1.2420545788052226
4.7599999999999865,0.5280552293576141,0.5280552293576141,5.077264868011172,0.866317597049076,0.866317597049076,-0.16285102274032445,-0.1737659914053726,-0.1737659914053726,0.46270020033314907,-0.1737659914053726,-0.1737659914053726,0.46270020033314907,navigate,1.235933984289347
4.779999999999986,0.5453034640248655,0.5453034640248655,5.074182078018328,0.8624117333625744,0.8624117333625744,-0.15413949964218654,-0.19529318432507775,-0.19529318432507775,0.4355761549068957,-0.19529318432507775,-0.19529318432507775,0.4355761549068957,navigate,1.2293359919211768
4.799999999999986,0.5624656717428423,0.5624656717428423,5.071263317231956,0.858110385898844,0.858110385898844,-0.1459380393185929,-0.2150673731865157,-0.2150673731865157,0.41007301617968195,-0.2150673731865157,-0.2150673731865157,0.41007301617968195,navigate,1.222294882626562
4.819999999999985,0.5795345978258301,0.5795345978258301,5.06849899421959,0.8534463041493855,0.8534463041493855,-0.13821615061829032,-0.23320408747292454,-0.23320408747292454,0.3860944350151292,-0.23320408747292454,-0.23320408747292454,0.3860944350151292,navigate,1.2148435670588327
4.839999999999985,0.5965035992546509,0.5965035992546509,5.065880091062772,0.8484500714410432,0.8484500714410432,-0.13094515784090904,-0.24981163541711077,-0.24981163541711077,0.3635496388690631,-0.24981163541711077,-0.24981163541711077,0.3635496388690631,navigate,1.2070135383741987
4.859999999999984,0.613366604075136,0.613366604075136,5.063398129157213,0.8431502410242564,0.8431502410242564,-0.12409809527795927,-0.26499152083934296,-0.26499152083934296,0.3423531281474887,-0.26499152083934296,-0.26499152083934296,0.3423531281474887,navigate,1.1988348489805176
4.879999999999984,0.6301180733592524,0.6301180733592524,5.06104513700657,0.8375734642058206,0.8375734642058206,-0.11764960753216802,-0.2788388409217896,-0.2788388409217896,0.32242438728956235,-0.2788388409217896,-0.2788388409217896,0.32242438728956235,navigate,1.1903361063312963
4.8999999999999835,0.6467529655773473,0.6467529655773473,5.058813619899896,0.8317446109047447,0.8317446109047447,-0.11157585533369654,-0.2914426650537941,-0.2914426650537941,0.3036876099235739,-0.2914426650537941,-0.2914426650537941,0.3036876099235739,navigate,1.1815444837295024
4.919999999999983,0.6632667032374382,0.6632667032374382,5.056696531368225,0.8256868830045462,0.8256868830045462,-0.10585442658355976,-0.302886395009925,-0.302886395009925,0.2860714375068391,-0.302886395009925,-0.302886395009925,0.2860714375068391,navigate,1.1724857428382063
4.939999999999983,0.6796551416547979,0.6796551416547979,5.054687246320915,0.8194219208679877,0.8194219208679877,-0.10046425236546849,-0.3132481068279229,-0.3132481068279229,0.26950871090456313,-0.3132481068279229,-0.3132481068279229,0.26950871090456313,navigate,1.1631842651967563
4.959999999999982,0.6959145397222222,0.6959145397222222,5.052779535767363,0.8129699033712148,0.8129699033712148,-0.09538552767758976,-0.32260087483864763,-0.32260087483864763,0.25393623439393637,-0.32260087483864763,-0.32260087483864763,0.25393623439393637,navigate,1.1536630905360268
4.979999999999982,0.7120415325582995,0.7120415325582995,5.050967543034452,0.8063496418038688,0.8063496418038688,-0.09059963664554714,-0.331013078367297,-0.331013078367297,0.239294551602131,-0.331013078367297,-0.331013078367297,0.239294551602131,navigate,1.1439439600936578
4.999999999999981,0.7280331059177062,0.7280331059177062,5.049245761394703,0.7995786679703356,0.7995786679703356,-0.08608908198748222,-0.3385486916766617,-0.3385486916766617,0.22552773290324635,-0.3385486916766617,-0.3385486916766617,0.22552773290324635,navigate,1.134047363465865
5.019999999999981,0.7438865722540084,0.7438865722540084,5.047609013024478,0.7926733168151132,0.7926733168151132,-0.08183741851124438,-0.34526755776111767,-0.34526755776111767,0.21258317381189187,-0.34526755776111767,-0.34526755776111767,0.21258317381189187,navigate,1.123992587809159
5.0399999999999805,0.7595995483316602,0.7595995483316602,5.0460524292158215,0.7856488038825864,0.7856488038825864,-0.07782919043281224,-0.35122564662634187,-0.35122564662634187,0.20041140392160683,-0.35122564662634187,-0.35122564662634187,0.20041140392160683,navigate,1.1137977684336167
5.05999999999998,0.7751699342898295,0.7751699342898295,5.044571431769543,0.778519297908465,0.778519297908465,-0.07404987231390213,-0.3564752987060693,-0.3564752987060693,0.18896590594550544,-0.3564752987060693,-0.3564752987060693,0.18896590594550544,navigate,1.1034799400177076
5.07999999999998,0.7905958940663688,0.7905958940663688,5.043161715501035,0.7712979888269619,0.7712979888269619,-0.07048581342539216,-0.36106545407515234,-0.36106545407515234,0.1782029444254983,-0.36106545407515234,-0.36106545407515234,0.1782029444254983,navigate,1.0930550878301017
5.099999999999979,0.8058758370956604,0.8058758370956604,5.041819231794001,0.7639971514645789,0.7639971514645789,-0.06712418535168718,-0.3650418681191473,-0.3650418681191473,0.16808140368524907,-0.3650418681191473,-0.3650418681191473,0.16808140368524907,navigate,1.082538198472049
5.119999999999979,0.8210084011992256,0.8210084011992256,5.040540173140812,0.7566282051782635,0.7566282051782635,-0.0639529326594601,-0.3684473143157707,-0.3684473143157707,0.15856263461135414,-0.3684473143157707,-0.3684473143157707,0.15856263461135414,navigate,1.071943309759572
5.139999999999978,0.8359924365928812,0.8359924365928812,5.039320958611565,0.7492017696827835,0.7492017696827835,-0.060960726462322735,-0.3713217747739963,-0.3713217747739963,0.14961030985686816,-0.3713217747739963,-0.3713217747739963,0.14961030985686816,navigate,1.0612835594516874
5.159999999999978,0.8508269909388717,0.8508269909388717,5.038158220197148,0.7417277172995205,0.7417277172995205,-0.05813692072088936,-0.37370261916314956,-0.37370261916314956,0.14119028707166897,-0.37370261916314956,-0.37370261916314956,0.14119028707166897,navigate,1.0505712326023504
5.1799999999999775,0.865511295375803,0.865511295375803,5.03704878997464,0.7342152218465618,0.7342152218465618,-0.055471511125390116,-0.3756247726479337,-0.3756247726479337,0.13327047977496204,-0.3756247726479337,-0.3756247726479337,0.13327047977496204,navigate,1.0398178073724869
5.199999999999977,0.8800447514633636,0.8800447514633636,5.035989688046331,0.7266728043780304,0.7266728043780304,-0.05295509641545831,-0.3771208734265724,-0.3771208734265724,0.1258207354965906,-0.3771208734265724,-0.3771208734265724,0.1258207354965906,navigate,1.0290339991864375
5.219999999999977,0.8944269189827447,0.8944269189827447,5.034978111206352,0.7191083759690554,0.7191083759690554,-0.05057884199894604,-0.3782214204487483,-0.3782214204487483,0.11881272082561317,-0.3782214204487483,-0.3782214204487483,0.11881272082561317,navigate,1.0182298031562713
5.239999999999976,0.9086575045373785,0.9086575045373785,5.03401142229158,0.7115292777316897,0.7115292777316897,-0.048334445738609,-0.37895491186828323,-0.37895491186828323,0.11221981301685242,-0.37895491186828323,-0.37895491186828323,0.11221981301685242,navigate,1.0074145347291843
5.259999999999976,0.9227363509021071,0.9227363509021071,5.033087140175935,0.7039423182364318,0.7039423182364318,-0.04621410578223926,-0.37934797476289706,-0.37934797476289706,0.10601699781848692,-0.37934797476289706,-0.37934797476289706,0.10601699781848692,navigate,0.9965968685388369
5.279999999999975,0.9366634270721836,0.9366634270721836,5.032202930369569,0.6963538085038246,0.6963538085038246,-0.044210490318310106,-0.3794254866303656,-0.3794254866303656,0.10018077319645752,-0.3794254866303656,-0.3794254866303656,0.10018077319645752,navigate,0.9857848754620593
5.299999999999975,0.9504388189666013,0.9504388189666013,5.031356596186661,0.6887695947208825,0.6887695947208825,-0.04231670914542605,-0.37921068914710077,-0.37921068914710077,0.09468905864420275,-0.37921068914710077,-0.37921068914710077,0.09468905864420275,navigate,0.9749860578986943
5.3199999999999745,0.9640627207431581,0.9640627207431581,5.030546070447664,0.6811950888278419,0.6811950888278419,-0.04052628694984675,-0.37872529465203064,-0.37872529465203064,0.08952110977896469,-0.37872529465203064,-0.37872529465203064,0.08952110977896469,navigate,0.964207383305212
5.339999999999974,0.9775354266853967,0.9775354266853967,5.029769407683842,0.6736352971119285,0.6736352971119285,-0.03883313819107407,-0.37798958579566855,-0.37798958579566855,0.08465743793863405,-0.37798958579566855,-0.37798958579566855,0.08465743793863405,navigate,0.9534553160226856
5.359999999999974,0.9908573236241266,0.9908573236241266,5.029024776813823,0.6660948469364938,0.6660948469364938,-0.03723154350096032,-0.37702250877173216,-0.37702250877173216,0.08007973450568753,-0.37702250877173216,-0.37702250877173216,0.08007973450568753,navigate,0.9427358474472932
5.379999999999973,1.0040288838586457,1.0040288838586457,5.028310454263682,0.6585780117259602,0.6585780117259602,-0.03571612750701771,-0.37584176052667684,-0.37584176052667684,0.07577079969713033,-0.37584176052667684,-0.37584176052667684,0.07577079969713033,navigate,0.932054524597105
5.399999999999973,1.0170506585450365,1.0170506585450365,5.027624817503771,0.6510887343195385,0.6510887343195385,-0.03428183799558576,-0.3744638703210869,-0.3744638703210869,0.07171447557159744,-0.3744638703210869,-0.3744638703210869,0.07171447557159744,navigate,0.9214164771328939
5.419999999999972,1.0299232715210287,1.0299232715210287,5.026966338977066,0.6436306487996141,0.6436306487996141,-0.03292392633525452,-0.37290427599622034,-0.37290427599622034,0.06789558301656214,-0.37290427599622034,-0.37290427599622034,0.06789558301656214,navigate,0.9108264428933504
5.439999999999972,1.0426474135389094,1.0426474135389094,5.026333580395357,0.6362071008940333,0.6362071008940333,-0.03163792908544928,-0.37117739527903587,-0.37117739527903587,0.06429986249026177,-0.37117739527903587,-0.37117739527903587,0.06429986249026177,navigate,0.9002887920066523
5.4599999999999715,1.0552238368798141,1.0552238368798141,5.02572518738097,0.6288211670452347,0.6288211670452347,-0.030419650719366226,-0.36929669243992985,-0.36929669243992985,0.06091391830415274,-0.36929669243992985,-0.36929669243992985,0.06091391830415274,navigate,0.8898075496410166
5.479999999999971,1.0676533503244792,1.0676533503244792,5.02513988443308,0.6214756722332538,0.6214756722332538,-0.029265147394514326,-0.3672747405990422,-0.3672747405990422,0.05772516624259506,-0.3672747405990422,-0.3672747405990422,0.05772516624259506,navigate,0.879386417456838
5.499999999999971,1.0799368144571604,1.0799368144571604,5.02457647019892,0.6141732066340634,0.6141732066340634,-0.0281707117079743,-0.3651232799595247,-0.3651232799595247,0.05472178432700143,-0.3651232799595247,-0.3651232799595247,0.05472178432700143,navigate,0.8690287938224311
5.51999999999997,1.0920751372809498,1.0920751372809498,5.0240338130313775,0.606916141189474,0.606916141189474,-0.027132858377139503,-0.36285327222946795,-0.36285327222946795,0.05189266654173984,-0.36285327222946795,-0.36285327222946795,0.05189266654173984,navigate,0.8587377928543479
5.53999999999997,1.104069270124148,1.104069270124148,5.023510846815574,0.5997066421599074,0.5997066421599074,-0.026148310790161614,-0.36047495147833125,-0.36047495147833125,0.0492273793488945,-0.36047495147833125,-0.36047495147833125,0.0492273793488945,navigate,0.8485162623418607
5.559999999999969,1.1159202038186826,1.1159202038186826,5.023006567048102,0.5925466847267338,0.5925466847267338,-0.025213988373596823,-0.3579978716586829,-0.3579978716586829,0.04671612082823946,-0.3579978716586829,-0.3579978716586829,0.04671612082823946,navigate,0.8383668006135443
5.579999999999969,1.1276289651328133,1.1276289651328133,5.022520027153545,0.5854380657065381,0.5854380657065381,-0.024326994727842194,-0.355430951009785,-0.355430951009785,0.044349682287731416,-0.355430951009785,-0.355430951009785,0.044349682287731416,navigate,0.8282917724020408
5.599999999999969,1.1391966134415257,1.1391966134415257,5.022050335023867,0.5783824154356165,0.5783824154356165,-0.023484606483874387,-0.3527825135460792,-0.3527825135460792,0.04211941219839029,-0.3527825135460792,-0.3527825135460792,0.04211941219839029,navigate,0.818293323761094
5.619999999999968,1.1506242376191096,1.1506242376191096,5.021596649767116,0.5713812088791987,0.5713812088791987,-0.022684262837564063,-0.3500603278208875,-0.3500603278208875,0.040017182315516125,-0.3500603278208875,-0.3500603278208875,0.040017182315516125,navigate,0.8083733960868533
5.639999999999968,1.161912953139436,1.161912953139436,5.0211581786527075,0.5644357760163267,0.5644357760163267,-0.021923555720443782,-0.34727164314360365,-0.34727164314360365,0.038035355856014134,-0.34727164314360365,-0.34727164314360365,0.038035355856014134,navigate,0.7985337392932957
5.659999999999967,1.1730638993703957,1.1730638993703957,5.020734174241342,0.5575473115479799,0.5575473115479799,-0.02120022056826491,-0.3444232234173385,-0.3444232234173385,0.03616675760894367,-0.3444232234173385,-0.3444232234173385,0.03616675760894367,navigate,0.7887759241894389
5.679999999999967,1.184078237049854,1.184078237049854,5.020323931688322,0.5507168839729143,0.5507168839729143,-0.02051212765099655,-0.3415213787532804,-0.3415213787532804,0.034404645863418036,-0.3415213787532804,-0.3415213787532804,0.034404645863418036,navigate,0.7791013541038441
5.699999999999966,1.194957145931309,1.194957145931309,5.01992678620972,0.5439454440727538,0.5439454440727538,-0.019857273930102795,-0.33857199500802254,-0.33857199500802254,0.032742686044687795,-0.33857199500802254,-0.33857199500802254,0.032742686044687795,navigate,0.7695112757997415
5.719999999999966,1.205701822588212,1.205701822588212,5.019542110701501,0.5372338328451409,0.5372338328451409,-0.019233775410992682,-0.33558056138064474,-0.33558056138064474,0.031174925955505667,-0.33558056138064474,-0.33558056138064474,0.031174925955505667,navigate,0.760006789721988
5.739999999999966,1.2163134783666358,1.2163134783666358,5.0191693135022915,0.5305827889211913,0.5305827889211913,-0.018639859960474545,-0.3325521961974845,-0.3325521961974845,0.02969577252590688,-0.3325521961974845,-0.3325521961974845,0.02969577252590688,navigate,0.7505888596149859
5.759999999999965,1.226793337476658,1.226793337476658,5.018807836291074,0.523992955501107,0.523992955501107,-0.018073860560870764,-0.3294916710042106,-0.3294916710042106,0.028299969980189153,-0.3294916710042106,-0.3294916710042106,0.028299969980189153,navigate,0.741258321548665
5.779999999999965,1.2371426352134494,1.2371426352134494,5.0184571521115915,0.517464886839567,0.517464886839567,-0.01753420897416628,-0.3264034330769981,-0.3264034330769981,0.026982579335224074,-0.3264034330769981,-0.3264034330769981,0.026982579335224074,navigate,0.7320158923876732
5.799999999999964,1.2473626162996578,1.2473626162996578,5.018116763515768,0.510999054310421,0.510999054310421,-0.017019429791179215,-0.3232916264572986,-0.3232916264572986,0.02573895914935333,-0.3232916264572986,-0.3232916264572986,0.02573895914935333,navigate,0.7228621777370192
5.819999999999964,1.257454533341223,1.257454533341223,5.0177862008189225,0.5045958520782645,0.5045958520782645,-0.01652813484226199,-0.3201601116078281,-0.3201601116078281,0.024564747445861266,-0.3201601116078281,-0.3201601116078281,0.024564747445861266,navigate,0.7137976793955999
5.839999999999963,1.2674196453892759,1.2674196453892759,5.017465020459973,0.4982556024026449,0.4982556024026449,-0.016059017947470257,-0.31701248378098296,-0.31701248378098296,0.02345584473958659,-0.31701248378098296,-0.31701248378098296,0.02345584473958659,navigate,0.7048228023472866
5.859999999999963,1.2772592166012549,1.2772592166012549,5.017152803460263,0.49197856059894735,0.49197856059894735,-0.015610849985480905,-0.31385209018487553,-0.31385209018487553,0.022408398099467576,-0.31385209018487553,-0.31385209018487553,0.022408398099467576,navigate,0.6959378613175845
5.879999999999963,1.286974514994823,1.286974514994823,5.016849153975027,0.4857649196784162,0.4857649196784162,-0.015182474261803289,-0.31068204602655897,-0.31068204602655897,0.021418786183880757,-0.31068204602655897,-0.31068204602655897,0.021418786183880757,navigate,0.6871430869222702
5.899999999999962,1.2965668112885886,1.2965668112885886,5.016553697931867,0.4796148146882814,0.4796148146882814,-0.014772802158015377,-0.3075052495067403,-0.3075052495067403,0.020483605189395605,-0.3075052495067403,-0.3075052495067403,0.020483605189395605,navigate,0.6784386314329018
5.919999999999962,1.3060373778240202,1.3060373778240202,5.016266081750969,0.473528326771574,0.473528326771574,-0.014380809044871939,-0.3043243958353683,-0.3043243958353683,0.019599655657171908,-0.3043243958353683,-0.3043243958353683,0.019599655657171908,navigate,0.6698245741826424
5.939999999999961,1.3153874875633185,1.3153874875633185,5.015985971142106,0.46750548696491667,0.46750548696491667,-0.014005530443179917,-0.30114199033286826,-0.30114199033286826,0.018763930084601154,-0.30114199033286826,-0.30114199033286826,0.018763930084601154,navigate,0.6613009266344654
5.959999999999961,1.3246184131583458,1.3246184131583458,5.015713049973759,0.4615462797513666,0.4615462797513666,-0.013646058417321404,-0.29796036067750503,-0.29796036067750503,0.01797360129292568,-0.29796036067750503,-0.29796036067750503,0.01797360129292568,navigate,0.6528676371325066
5.9799999999999605,1.3337314260860311,1.3337314260860311,5.015447019210015,0.45565064638425995,0.45565064638425995,-0.013301538187229081,-0.294781668355332,-0.294781668355332,0.017226011504616147,-0.294781668355332,-0.294781668355332,0.017226011504616147,navigate,0.644524595356092
5.99999999999996,1.3427277958459702,1.3427277958459702,5.015187595911105,0.4498184879969514,0.4498184879969514,-0.012971164945488183,-0.29160791936542785,-0.29160791936542785,0.016518662087044927,-0.29160791936542785,-0.29160791936542785,0.016518662087044927,navigate,0.6362716364947993
6.01999999999996,1.3516087892162174,1.3516087892162174,5.014934512293764,0.4440496685123591,0.4440496685123591,-0.01265418086705399,-0.28844097422961407,-0.28844097422961407,0.015849203921709597,-0.28844097422961407,-0.28844097422961407,0.015849203921709597,navigate,0.628108545161812
6.039999999999959,1.3603756695635236,1.3603756695635236,5.014687514847767,0.4383440173653075,0.4383440173653075,-0.01234987229984154,-0.28528255735258007,-0.28528255735258007,0.015215428360622504,-0.28528255735258007,-0.28528255735258007,0.015215428360622504,navigate,0.620035059061773
6.059999999999959,1.3690296962045196,1.3690296962045196,5.0144463635052645,0.43270133204980205,0.43270133204980205,-0.012057567125161666,-0.2821342657752709,-0.2821342657752709,0.014615258733993747,-0.2821342657752709,-0.2821342657752709,0.014615258733993747,navigate,0.612050872428366
6.079999999999958,1.377572123814571,1.377572123814571,5.014210830859711,0.42712138050257115,0.42712138050257115,-0.011776632277654304,-0.2789975773615462,-0.2789975773615462,0.014046742375368041,-0.2789975773615462,-0.2789975773615462,0.014046742375368041,navigate,0.604155639245921
6.099999999999958,1.3860042018812404,1.3860042018812404,5.013980701431411,0.42160390333346204,0.42160390333346204,-0.011506471415003204,-0.27587385845545415,-0.27587385845545415,0.013508043132555042,-0.27587385845545415,-0.27587385845545415,0.013508043132555042,navigate,0.5963489762684654
6.1199999999999575,1.394327174199492,1.394327174199492,5.013755770976845,0.4161486159125827,0.4161486159125827,-0.011246522728311814,-0.2727643710439679,-0.2727643710439679,0.012997434334569511,-0.2727643710439679,-0.2727643710439679,0.012997434334569511,navigate,0.5886304658488167
6.139999999999957,1.4025422784059607,1.4025422784059607,5.0135358458391535,0.41075521032342827,0.41075521032342827,-0.010996256884578287,-0.2696702794577197,-0.2696702794577197,0.01251329218667632,-0.2696702794577197,-0.2696702794577197,0.01251329218667632,navigate,0.5809996585895376
6.159999999999957,1.4106507455497732,1.4106507455497732,5.013320742337289,0.4054233571906263,0.4054233571906263,-0.010755175093232556,-0.2665926566400988,-0.2665926566400988,0.012054089567286572,-0.2665926566400988,-0.2665926566400988,0.012054089567286572,navigate,0.5734560758268433
6.179999999999956,1.4186537996975805,1.4186537996975805,5.013110286191505,0.40015270739036535,0.40015270739036535,-0.010522807289190222,-0.2635324900130465,-0.2635324900130465,0.011618390202116684,-0.2635324900130465,-0.2635324900130465,0.011618390202116684,navigate,0.565999211957865
6.199999999999956,1.4265526575706013,1.4265526575706013,5.012904311982998,0.39494289365104507,0.39494289365104507,-0.01029871042534058,-0.26049068696601513,-0.26049068696601513,0.01120484319248212,-0.26049068696601513,-0.26049068696601513,0.01120484319248212,navigate,0.5586285366210236
6.219999999999955,1.434348528211625,1.434348528211625,5.012702662645642,0.38979353205118955,0.38979353205118955,-0.01008246686781868,-0.257468079992776,-0.257468079992776,0.010812177876095013,-0.257468079992776,-0.257468079992776,0.010812177876095013,navigate,0.5513434967386702
6.239999999999955,1.4420426126800492,1.4420426126800492,5.012505188987886,0.38470422342120686,0.38470422342120686,-0.009873682887819741,-0.2544654314991356,-0.2544654314991356,0.010439198999946948,-0.2544654314991356,-0.2544654314991356,0.010439198999946948,navigate,0.5441435184305671
6.2599999999999545,1.449636103773152,1.449636103773152,5.012311749243004,0.3796745546551454,0.3796745546551454,-0.009671987244094907,-0.25148343830307374,-0.25148343830307374,0.010084782186241694,-0.25148343830307374,-0.25148343830307374,0.010084782186241694,navigate,0.5370280088062594
6.279999999999954,1.4571301857719159,1.4571301857719159,5.012122208645992,0.3747040999381974,0.3747040999381974,-0.009477029850626621,-0.2485227358473984,-0.2485227358473984,0.009747869673414324,-0.2485227358473984,-0.2485227358473984,0.009747869673414324,navigate,0.5299963576438794
6.299999999999954,1.4645260342098223,1.4645260342098223,5.011936439035505,0.369792421895324,0.369792421895324,-0.009288480524318209,-0.24558390214366993,-0.24558390214366993,0.009427466315420626,-0.24558390214366993,-0.24558390214366993,0.009427466315420626,navigate,0.5230479389624523
6.319999999999953,1.4718248156631428,1.4718248156631428,5.0117543184793485,0.3649390726660259,0.3649390726660259,-0.009106027807847467,-0.242667461464907,-0.242667461464907,0.009122635823537114,-0.242667461464907,-0.242667461464907,0.009122635823537114,navigate,0.5161821124943358
6.339999999999953,1.479027687561342,1.479027687561342,5.011575730922086,0.3601435949099574,0.3601435949099574,-0.008929377863131516,-0.2397738878034236,-0.2397738878034236,0.008832497235797552,-0.2397738878034236,-0.2397738878034236,0.008832497235797552,navigate,0.5093982250640039
6.359999999999952,1.4861357980162975,1.4861357980162975,5.011400565853464,0.3554055227477761,0.3554055227477761,-0.008758253431126949,-0.23690360810906488,-0.23690360810906488,0.008556221600228406,-0.23690360810906488,-0.23690360810906488,0.008556221600228406,navigate,0.5026956118790016
6.379999999999952,1.493150285669124,1.493150285669124,5.011228717996385,0.3507243826413341,0.3507243826413341,-0.008592392853951521,-0.23405700532209833,-0.23405700532209833,0.008293028858771407,-0.23405700532209833,-0.23405700532209833,0.008293028858771407,navigate,0.4960735977385276
6.3999999999999515,1.5000722795534651,1.5000722795534651,5.0110600870132735,0.3460996942170527,0.3460996942170527,-0.00843154915555782,-0.23123442121406856,-0.23123442121406856,0.008042184919685088,-0.23123442121406856,-0.23123442121406856,0.008042184919685088,navigate,0.489531498164763
6.419999999999951,1.5069028989741866,1.5069028989741866,5.010894577229725,0.34153097103607155,0.34153097103607155,-0.008275489177419765,-0.2284361590490587,-0.2284361590490587,0.007802998906902782,-0.2284361590490587,-0.2284361590490587,0.007802998906902782,navigate,0.4830686204617409
6.439999999999951,1.5136432534004773,1.5136432534004773,5.010732097374406,0.3370177213145324,0.3370177213145324,-0.008123992765908198,-0.225662486076959,-0.225662486076959,0.0075748205755783804,-0.225662486076959,-0.225662486076959,0.0075748205755783804,navigate,0.476684264706252
6.45999999999995,1.52029444237242,1.52029444237242,5.010572560334242,0.33255944859714043,0.33255944859714043,-0.007976852008234678,-0.22291363586959748,-0.22291363586959748,0.007357037883676013,-0.22291363586959748,-0.22291363586959748,0.007357037883676013,navigate,0.4703777246749993
6.47999999999995,1.5268575554201589,1.5268575554201589,5.010415882923962,0.3281556523869432,0.3281556523869432,-0.007833870514032538,-0.22018981050986108,-0.22018981050986108,0.007149074710107015,-0.22018981050986108,-0.22018981050986108,0.007149074710107015,navigate,0.4641482887119495
6.499999999999949,1.5333336719948405,1.5333336719948405,5.010261985669165,0.32380582873407776,0.32380582873407776,-0.007694862739822573,-0.2174911826432743,-0.2174911826432743,0.0069503887104982835,-0.2174911826432743,-0.2174911826432743,0.0069503887104982835,navigate,0.457995240539583
6.519999999999949,1.5397238614105617,1.5397238614105617,5.010110792602089,0.31950947078606035,0.31950947078606035,-0.007559653353778689,-0.21481789740087137,-0.21481789740087137,0.006760469302194203,-0.21481789740087137,-0.21481789740087137,0.006760469302194203,navigate,0.4519178600175103
6.5399999999999485,1.5460291827966022,1.5460291827966022,5.009962231069322,0.3152660693020277,0.3152660693020277,-0.007428076638365525,-0.21217007420163098,-0.21217007420163098,0.0065788357706582186,-0.21217007420163098,-0.21217007420163098,0.0065788357706582186,navigate,0.4459154238517068
6.559999999999948,1.5522506850592659,1.5522506850592659,5.00981623155075,0.3110751131331839,0.3110751131331839,-0.007299975928567619,-0.209547808442189,-0.209547808442189,0.00640503548989532,-0.209547808442189,-0.209547808442189,0.00640503548989532,navigate,0.43998720625741383
6.579999999999948,1.5583894068526971,1.5583894068526971,5.009672727489079,0.30693608967156305,0.30693608967156305,-0.007175203083568785,-0.20695117308104335,-0.20695117308104335,0.00623864224994166,-0.20695117308104335,-0.20695117308104335,0.00623864224994166,navigate,0.43413247957856144
6.599999999999947,1.5644463765580787,1.5644463765580787,5.0095316551292814,0.3028484852690832,0.3028484852690832,-0.007053617989869836,-0.2043802201239913,-0.2043802201239913,0.006079254684947477,-0.2043802201239913,-0.2043802201239913,0.006079254684947477,navigate,0.42835051486639214
6.619999999999947,1.5704226122706535,1.5704226122706535,5.009392953367402,0.29881178562874117,0.29881178562874117,-0.006935088093954954,-0.20183498201710054,-0.20183498201710054,0.005926494795744098,-0.20183498201710054,-0.20183498201710054,0.005926494795744098,navigate,0.4226405824197961
6.639999999999946,1.576319121794047,1.576319121794047,5.009256563608147,0.2948254761696791,0.2948254761696791,-0.006819487962731871,-0.19931547295310403,-0.19931547295310403,0.005780006561154146,-0.19931547295310403,-0.19931547295310403,0.005780006561154146,navigate,0.4170019522897103
6.659999999999946,1.582136902641402,1.582136902641402,5.009122429630746,0.29088904236774465,0.29088904236774465,-0.0067066988700783805,-0.1968216900967209,-0.1968216900967209,0.0056394546326744895,-0.1968216900967209,-0.1968216900967209,0.0056394546326744895,navigate,0.41143389474978964
6.6799999999999455,1.5878769420428633,1.5878769420428633,5.008990497462587,0.28700197007306366,0.28700197007306366,-0.006596608407928657,-0.1943536147340501,-0.1943536147340501,0.005504523107486165,-0.1943536147340501,-0.1943536147340501,0.005504523107486165,navigate,0.40593568073541775
6.699999999999945,1.5935402169589843,1.5935402169589843,5.0088607152601785,0.28316374580604664,0.28316374580604664,-0.006489110120427921,-0.19191121335085098,-0.19191121335085098,0.0053749143750368,-0.19191121335085098,-0.19191121335085098,0.0053749143750368,navigate,0.4005065822529985
6.719999999999945,1.5991276940996475,1.5991276940996475,5.008733033196983,0.27937385703316253,0.27937385703316253,-0.006384103159772727,-0.18949443864420543,-0.18949443864420543,0.005250348032759733,-0.18949443864420543,-0.18949443864420543,0.005250348032759733,navigate,0.39514587276134683
6.739999999999944,1.604640329948122,1.604640329948122,5.008607403357734,0.2756317924237271,0.2756317924237271,-0.006281491962438239,-0.18710323047177113,-0.18710323047177113,0.00513055986672439,-0.18710323047177113,-0.18710323047177113,0.00513055986672439,navigate,0.38985282752688527
6.759999999999944,1.6100790707898995,1.6100790707898995,5.008483779638843,0.2719370420888759,0.2719370420888759,-0.00618118594457166,-0.18473751674255823,-0.18473751674255823,0.0050153008933289285,-0.18473751674255823,-0.18473751674255823,0.0050153008933289285,navigate,0.38462672395424574
6.779999999999943,1.615444852745976,1.615444852745976,5.008362117654535,0.2682890978038177,0.2682890978038177,-0.006083099215405343,-0.18239721425291008,-0.18239721425291008,0.004904336458315874,-0.18239721425291008,-0.18239721425291008,0.004904336458315874,navigate,0.37946684189377783
6.799999999999943,1.6207386018102639,1.6207386018102639,5.008242374648383,0.26468745321439513,0.26468745321439513,-0.005987150307611968,-0.18008222947112842,-0.18008222947112842,0.004797445389668724,-0.18008222947112842,-0.18008222947112842,0.004797445389668724,navigate,0.3743724639273716
6.8199999999999426,1.6259612338908422,1.6259612338908422,5.008124509409911,0.26113160402891583,0.26113160402891583,-0.005893261923589304,-0.177792459273964,-0.177792459273964,0.004694419201133191,-0.177792459273964,-0.177792459273964,0.004694419201133191,navigate,0.3693428756339142
6.839999999999942,1.6311136548547653,1.6311136548547653,5.008008482195977,0.25762104819615617,0.25762104819615617,-0.005801360696723043,-0.17552779163798354,-0.17552779163798354,0.004595061343313065,-0.17552779163798354,-0.17552779163798354,0.004595061343313065,navigate,0.3643773658356209
6.859999999999942,1.636196760576173,1.636196760576173,5.007894254656642,0.25415528607038357,0.25415528607038357,-0.005711376966733617,-0.1732881062886299,-0.1732881062886299,0.004499186499471287,-0.1732881062886299,-0.1732881062886299,0.004499186499471287,navigate,0.359475226826402
6.879999999999941,1.6412114369874566,1.6412114369874566,5.007781789765277,0.25073382056419125,0.25073382056419125,-0.005623244568266717,-0.17107327530961636,-0.17107327530961636,0.004406619923345002,-0.17107327530961636,-0.17107327530961636,0.004406619923345002,navigate,0.35463575458335644
6.899999999999941,1.6461585601332545,1.6461585601332545,5.007671051752638,0.24735615728988888,0.24735615728988888,-0.005536900631937783,-0.1688831637151177,-0.1688831637151177,0.004317196816446699,-0.1688831637151177,-0.1688831637151177,0.004317196816446699,navigate,0.34985824896241685
6.91999999999994,1.6510389962270573,1.6510389962270573,5.007562006044696,0.24402180469014745,0.24402180469014745,-0.00545228539708813,-0.16671762998707132,-0.16671762998707132,0.004230761742482651,-0.16671762998707132,-0.16671762998707132,0.004230761742482651,navigate,0.34514201387910487
6.93999999999994,1.6574536017102284,1.6574536017102284,5.007454619203985,0.3207302741585525,0.3207302741585525,-0.005369342035555413,3.835423473420253,3.835423473420253,0.0041471680766358605,3.835423473420253,3.835423473420253,0.0041471680766358605,navigate,0.4536128827067583
6.95999999999994,1.66528740243284,1.66528740243284,5.007348883170869,0.3916900361305799,0.3916900361305799,-0.0052868016557879455,3.5479880986013703,3.5479880986013703,0.00412701898837335,3.5479880986013703,3.5479880986013703,0.00412701898837335,navigate,0.5539585896794972
6.979999999999939,1.6744319279805222,1.6744319279805222,5.007244786700302,0.45722627738411287,0.45722627738411287,-0.005204823528339261,3.2768120626766493,3.2768120626766493,0.004098906372434203,3.2768120626766493,3.2768120626766493,0.004098906372434203,navigate,0.6466365498864324
6.999999999999939,1.6847849648285813,1.6847849648285813,5.00714231577848,0.5176518424029539,0.5176518424029539,-0.005123546091109322,3.021278250942053,3.021278250942053,0.004063871861496943,3.021278250942053,3.021278250942053,0.004063871861496943,navigate,0.7320881849961062
7.019999999999938,1.6962503024535027,1.6962503024535027,5.007041454004065,0.5732668812460746,0.5732668812460746,-0.005043088720753685,2.780751942156032,2.780751942156032,0.004022868517781842,2.780751942156032,2.780751942156032,0.004022868517781842,navigate,0.8107374834131251
7.039999999999938,1.708737475444772,1.708737475444772,5.006942182935497,0.6243586495634582,0.6243586495634582,-0.004963553428347342,2.5545884158691803,2.5545884158691803,0.003976764620317188,2.5545884158691803,2.5545884158691803,0.003976764620317188,navigate,0.8829904209174902
7.059999999999937,1.7221615042380252,1.7221615042380252,5.006844482406187,0.6712014396626622,0.6712014396626622,-0.004885026465521044,2.342139504960201,2.342139504960201,0.003926348141314869,2.342139504960201,2.342139504960201,0.003926348141314869,navigate,0.9492347489920655
7.079999999999937,1.7364426367031562,1.7364426367031562,5.0067483308094785,0.7140566232565523,0.7140566232565523,-0.004807579835440428,2.1427591796945014,2.1427591796945014,0.003872331504030797,2.1427591796945014,2.1427591796945014,0.003872331504030797,navigate,1.0098400047814375
7.099999999999937,1.7515060924686119,1.7515060924686119,5.006653705355349,0.7531727882727801,0.7531727882727801,-0.004731272706450737,1.9558082508113932,1.9558082508113932,0.0038153564494845388,1.9558082508113932,1.9558082508113932,0.0038153564494845388,navigate,1.0651576798439801
7.119999999999936,1.7672818115453235,1.7672818115453235,5.006560582300783,0.7887859538355845,0.7887859538355845,-0.004656152728295728,1.78065827814022,1.78065827814022,0.003755998907750486,1.78065827814022,1.78065827814022,0.003755998907750486,navigate,1.1155215110856693
7.139999999999936,1.7837042085294632,1.7837042085294632,5.006468937155737,0.821119849206989,0.821119849206989,-0.004582257252291723,1.616694768570225,1.616694768570225,0.0036947738002002205,1.616694768570225,1.616694768570225,0.0036947738002002205,navigate,1.1612478678580826
7.159999999999935,1.8007119334109238,1.8007119334109238,5.006378744866578,0.8503862440730261,0.8503862440730261,-0.004509614457932389,1.4633197433018552,1.4633197433018552,0.00363213971796668,1.4633197433018552,1.4633197433018552,0.00363213971796668,navigate,1.2026362146716754
7.179999999999935,1.81824763979221,1.81824763979221,5.006289979978794,0.8767853190643157,0.8767853190643157,-0.004438244389217604,1.3199537495644762,1.3199537495644762,0.003568503435739255,1.3199537495644762,1.3199537495644762,0.003568503435739255,navigate,1.2399696324776208
7.1999999999999345,1.836257761128179,1.836257761128179,5.006202616780702,0.9005060667984413,0.9005060667984413,-0.004368159904595824,1.1860373867062801,1.1860373867062801,0.0035042242310890127,1.1860373867062801,1.1860373867062801,0.0035042242310890127,navigate,1.2735153840855435
7.219999999999934,1.8546922954285463,1.8546922954285463,5.006116629429806,0.9217267150183629,0.9217267150183629,-0.0042993675448248945,1.0610324109960798,1.0610324109960798,0.003439617988546514,1.0610324109960798,1.0610324109960798,0.003439617988546514,navigate,1.3035255114183113
7.239999999999934,1.8735045987200418,1.8735045987200418,5.006031992063339,0.9406151645747711,0.9406151645747711,-0.0042318683233240895,0.9444224778204138,0.9444224778204138,0.003374961075040274,0.9444224778204138,0.9444224778204138,0.003374961075040274,navigate,1.3302374541282296
7.259999999999933,1.892651187441283,1.892651187441283,5.005948678894464,0.9573294360620588,0.9573294360620588,-0.004165658443735737,0.835713574364382,0.835713574364382,0.0033104939794176137,0.835713574364382,0.835713574364382,0.0033104939794176137,navigate,1.3538746806894901
7.279999999999933,1.9120915498387017,1.9120915498387017,5.005866664295475,0.972018119870937,0.972018119870937,-0.004100729949462074,0.7344341904439118,0.7344341904439118,0.003246424713683172,0.7344341904439118,0.7344341904439118,0.003246424713683172,navigate,1.3746473244803485
7.299999999999932,1.931787966344117,1.931787966344117,5.0057859228692765,0.9848208252707693,0.9848208252707693,-0.00403707130991182,0.6401352699916163,0.6401352699916163,0.0031829319775127066,0.6401352699916163,0.6401352699916163,0.0031829319775127066,navigate,1.392752818600185
7.319999999999932,1.9517053388418697,1.9517053388418697,5.005706429510314,0.9958686248876267,0.9958686248876267,-0.003974667948097506,0.5523899808428707,0.5523899808428707,0.0031201680907157053,0.5523899808428707,0.5523899808428707,0.0031201680907157053,navigate,1.4083765242492658
7.3399999999999315,1.971811028674005,1.971811028674005,5.005628159456033,1.0052844916067618,1.0052844916067618,-0.003913502714083697,0.4707933359567539,0.4707933359567539,0.0030582617006904645,0.4707933359567539,0.4707933359567539,0.0030582617006904645,navigate,1.4216923484473087
7.359999999999931,1.9920747031841624,1.9920747031841624,5.00555108832986,1.0131837255078682,1.0131837255078682,-0.0038535563086106624,0.39496169505531586,0.39496169505531586,0.0029973202736517145,0.39496169505531586,0.39496169505531586,0.0029973202736517145,navigate,1.4328633476937813
7.379999999999931,2.012468190563071,2.012468190563071,5.0054751921766405,1.0196743689454308,1.0196743689454308,-0.003794807661016557,0.3245321718781312,0.3245321718781312,0.0029374323797052657,0.3245321718781312,0.3245321718781312,0.0029374323797052657,navigate,1.4420423148901387
7.39999999999993,2.0329653427295082,2.0329653427295082,5.005400447491334,1.0248576083218714,1.0248576083218714,-0.003737234265362921,0.2591619688220294,0.2591619688220294,0.0028786697826817934,0.2591619688220294,0.2591619688220294,0.0028786697826817934,navigate,1.449372347463
7.41999999999993,2.053541905959008,2.053541905959008,5.0053268312417645,1.0288281614749826,1.0288281614749826,-0.003680812478440447,0.198527657655555,0.198527657655555,0.0028210893461237145,0.198527657655555,0.198527657655555,0.0028210893461237145,navigate,1.4549873951579397
7.439999999999929,2.074175398957406,2.074175398957406,5.0052543208861024,1.0316746499199143,1.0316746499199143,-0.0036255177831000605,0.14232442224658354,0.14232442224658354,0.002764734767019321,0.14232442224658354,0.14232442224658354,0.002764734767019321,navigate,1.4590127864257911
7.459999999999929,2.094844998066524,2.094844998066524,5.0051828943857,1.033479955455895,1.033479955455895,-0.003571325020121244,0.0902652767990369,0.0902652767990369,0.002709638148940826,0.0902652767990369,0.0902652767990369,0.002709638148940826,navigate,1.461565732706072
7.4799999999999285,2.115531429284017,2.115531429284017,5.005112530213868,1.0343215608746557,1.0343215608746557,-0.0035182085916012225,0.042080270938026326,0.042080270938026326,0.002655821426001066,0.042080270938026326,0.042080270938026326,0.002655821426001066,navigate,1.462755810233568
7.499999999999928,2.1362168667779455,2.1362168667779455,5.005043207361095,1.0342718746964306,1.0342718746964306,-0.0034661426386259075,-0.0024843089112545624,-0.0024843089112545624,0.002603297648765748,-0.0024843089112545624,-0.0024843089112545624,0.002603297648765748,navigate,1.4626854192617527
7.519999999999928,2.15688483757825,2.15688483757825,5.00497490533718,1.0333985400152206,1.0333985400152206,-0.0034151011957687083,-0.0436667340604969,-0.0436667340604969,0.0025520721428599633,-0.0436667340604969,-0.0436667340604969,0.0025520721428599633,navigate,1.4614502208174442
7.539999999999927,2.1775201321314905,2.1775201321314905,5.004907604170685,1.0317647276620299,1.0317647276620299,-0.0033650583247587544,-0.08169061765953933,-0.08169061765953933,0.002502143550497703,-0.08169061765953933,-0.08169061765953933,0.002502143550497703,navigate,1.4591395512810055
7.559999999999927,2.198108720411429,2.198108720411429,5.004841284406096,1.0294294139969316,1.0294294139969316,-0.003315988229465016,-0.11676568325491982,-0.11676568325491982,0.0024535047646869145,-0.11676568325491982,-0.11676568325491982,0.0024535047646869145,navigate,1.4558368152310441
7.579999999999926,2.2186376732858597,2.2186376732858597,5.004775927099013,1.0264476437215322,1.0264476437215322,-0.0032678653541596556,-0.1490885137699641,-0.1490885137699641,0.002406143765268018,-0.1490885137699641,-0.1490885137699641,0.002406143765268018,navigate,1.4516198571068613
7.599999999999926,2.2390950888491754,2.2390950888491754,5.004711513809676,1.022870778165777,1.022870778165777,-0.0032206644668520876,-0.17884327778775458,-0.17884327778775458,0.0023600443653784033,-0.17884327778775458,-0.17884327778775458,0.0023600443653784033,navigate,1.4465613123302217
7.6199999999999255,2.259470023440171,2.259470023440171,5.004648026595089,1.0187467295497903,1.0187467295497903,-0.0031743607293240007,-0.2062024307993427,-0.2062024307993427,0.002315186876404339,-0.2062024307993427,-0.2062024307993427,0.002315186876404339,navigate,1.4407289385942197
7.639999999999925,2.2797524270752705,2.2797524270752705,5.0045854479999825,1.014120181754977,1.014120181754977,-0.0031289297553463366,-0.2313273897406681,-0.2313273897406681,0.0022715486988832126,-0.2313273897406681,-0.2313273897406681,0.0022715486988832126,navigate,1.434185928074498
7.659999999999925,2.299933083038491,2.299933083038491,5.004523761046814,1.009032798161019,1.009032798161019,-0.003084347658421281,-0.2543691796978942,-0.2543691796978942,0.002229104846252792,-0.2543691796978942,-0.2543691796978942,0.002229104846252792,navigate,1.4269912013498154
7.679999999999924,2.3200035513808612,2.3200035513808612,5.004462949225009,1.0035234171185097,1.0035234171185097,-0.0030405910902633984,-0.275469052125464,-0.275469052125464,0.0021878284078941214,-0.275469052125464,-0.275469052125464,0.0021878284078941214,navigate,1.419199683837549
7.699999999999924,2.339956116093509,2.339956116093509,5.004402996479587,0.9976282356323832,0.9976282356323832,-0.002997637271117345,-0.29475907430632275,-0.29475907430632275,0.002147690957302654,-0.29475907430632275,-0.29475907430632275,0.002147690957302654,navigate,1.4108625655573874
7.719999999999923,2.3597837357301166,2.3597837357301166,5.004343887199329,0.9913809818303825,0.9913809818303825,-0.002955464012900727,-0.3123626901000385,-0.3123626901000385,0.0021086629108309,-0.3123626901000385,-0.3123626901000385,0.0021086629108309,navigate,1.402027545035217
7.739999999999923,2.3794799972658116,2.3794799972658116,5.004285606204608,0.9848130767847505,0.9848130767847505,-0.0029140497360619247,-0.32839525228159716,-0.32839525228159716,0.002070713841940128,-0.32839525228159716,-0.32839525228159716,0.002070713841940128,navigate,1.3927390581506494
7.7599999999999225,2.3990390729907145,2.3990390729907145,5.004228138734988,0.9779537862451542,0.9779537862451542,-0.002873373480952287,-0.34296452697981383,-0.34296452697981383,0.002033812755481891,-0.34296452697981383,-0.34296452697981383,0.002033812755481891,navigate,1.3830384927172585
7.779999999999922,2.4184556802472628,2.4184556802472628,5.0041714704367,0.9708303628274135,0.9708303628274135,-0.0028334149144289534,-0.3561711708870322,-0.3561711708870322,0.0019979283261666687,-0.3561711708870322,-0.3561711708870322,0.0019979283261666687,navigate,1.3729643895656187
7.799999999999922,2.437725043830996,2.437725043830996,5.004115587350054,0.9634681791866618,0.9634681791866618,-0.002794154332330152,-0.3681091820375836,-0.3681091820375836,0.0019630291049400604,-0.3681091820375836,-0.3681091820375836,0.0019630291049400604,navigate,1.3625526308766778
7.819999999999921,2.4568428608847106,2.4568428608847106,5.004060475896885,0.9558908526857222,0.9558908526857222,-0.00275557265839601,-0.3788663250469835,-0.3788663250469835,0.0019290836967071209,-0.3788663250469835,-0.3788663250469835,0.0019290836967071209,navigate,1.3518366164877875
7.839999999999921,2.475805268125716,2.475805268125716,5.004006122868082,0.9481203620502806,0.9481203620502806,-0.0027176514401456723,-0.388524531772078,-0.388524531772078,0.0018960609125168765,-0.388524531772078,-0.388524531772078,0.0018960609125168765,navigate,1.3408474288665584
7.85999999999992,2.4946088112553624,2.4946088112553624,5.003952515411239,0.94017715648231,0.94017715648231,-0.002680372842166611,-0.3971602783985292,-0.3971602783985292,0.0018639298989530557,-0.3971602783985292,-0.3971602783985292,0.0018639298989530557,navigate,1.3296139874192423
7.87999999999992,2.513250416409013,2.513250416409013,5.003899641018495,0.932080257682512,0.932080257682512,-0.0026437196372196222,-0.4048449399899028,-0.4048449399899028,0.001832660247349432,-0.4048449399899028,-0.4048449399899028,0.001832660247349432,navigate,1.318163192771106
7.8999999999999195,2.531727363513245,2.531727363513245,5.003847487514585,0.9238473552116042,0.9238473552116042,-0.0026076751955184736,-0.4116451235453873,-0.4116451235453873,0.0018022220850574377,-0.4116451235453873,-0.4116451235453873,0.0018022220850574377,navigate,1.3065200616266393
7.919999999999919,2.5500372614252313,2.5500372614252313,5.003796043045135,0.9154948955993327,0.9154948955993327,-0.0025722234725012506,-0.4176229806135717,-0.4176229806135717,0.0017725861508611604,-0.4176229806135717,-0.4176229806135717,0.0017725861508611604,navigate,1.2947078527878244
7.939999999999919,2.568178024737018,2.568178024737018,5.003745296065228,0.9070381655893309,0.9070381655893309,-0.0025373489953736234,-0.42283650050009003,-0.42283650050009003,0.0017437238563813495,-0.42283650050009003,-0.42283650050009003,0.0017437238563813495,navigate,1.2827481848793398
7.959999999999918,2.586147852134769,2.586147852134769,5.003695235328254,0.8984913698875451,0.8984913698875451,-0.002503036848670145,-0.42733978508929404,-0.42733978508929404,0.0017156073351739032,-0.42733978508929404,-0.42733978508929404,0.0017156073351739032,navigate,1.2706611463007202
7.979999999999918,2.6039452062100095,2.6039452062100095,5.003645849875073,0.889867703762021,0.889867703762021,-0.0024692726590506897,-0.4311833062762067,-0.4311833062762067,0.001688209480972771,-0.4311833062762067,-0.4311833062762067,0.001688209480972771,navigate,1.2584653978973155
7.999999999999917,2.621568794626459,2.621568794626459,5.003597129023483,0.8811794208224975,0.8811794208224975,-0.0024360425795212823,-0.4344141469761766,-0.4344141469761766,0.0016615039764703605,-0.4344141469761766,-0.4344141469761766,0.0016615039764703605,navigate,1.2461782688145358
8.019999999999918,2.63901755255225,2.63901755255225,5.003549062358018,0.8724378962895531,0.8724378962895531,-0.0024033332732451007,-0.4370762266472171,-0.4370762266472171,0.001635465313809074,-0.4370762266472171,-0.4370762266472171,0.001635465313809074,navigate,1.2338158459734194
8.039999999999917,2.6562906262731514,2.6562906262731514,5.003501639720076,0.8636536860450549,0.8636536860450549,-0.0023711318970872984,-0.4392105122249127,-0.4392105122249127,0.0016100688078901082,-0.4392105122249127,-0.4392105122249127,0.0016100688078901082,navigate,1.2213930575801117
8.059999999999917,2.6733873579079193,2.6733873579079193,5.003454851198375,0.8548365817383972,0.8548365817383972,-0.0023394260850188014,-0.44085521533288524,-0.44085521533288524,0.0015852906034248433,-0.44085521533288524,-0.44085521533288524,0.0015852906034248433,navigate,1.2089237510574362
8.079999999999917,2.6903072711520495,2.6903072711520495,5.003408687119745,0.84599566220652,0.84599566220652,-0.0023082039314864487,-0.4420459765938588,-0.4420459765938588,0.0015611076766176373,-0.4420459765938588,-0.4420459765938588,0.0015611076766176373,navigate,1.1964207657634023
8.099999999999916,2.7070500579810486,2.7070500579810486,5.003363138040249,0.8371393414499624,0.8371393414499624,-0.0022774539748417243,-0.44281603782788304,-0.44281603782788304,0.0015374978322362132,-0.44281603782788304,-0.44281603782788304,0.0015374978322362132,navigate,1.1838960008392465
8.119999999999916,2.7236155662488937,2.7236155662488937,5.0033181947366305,0.8282754133922474,0.8282754133922474,-0.00224716518090694,-0.4431964028857467,-0.4431964028857467,0.0015144396967392284,-0.4431964028857467,-0.4431964028857467,0.0015144396967392284,navigate,1.1713604785084508
8.139999999999915,2.7400037881216077,2.7400037881216077,5.003273848198096,0.8194110936356985,0.8194110936356985,-0.002217326926745502,-0.4432159878274462,-0.4432159878274462,0.001491912708071904,-0.4432159878274462,-0.4432159878274462,0.001491912708071904,navigate,1.1588244031281025
8.159999999999915,2.7562148492898744,2.7562148492898744,5.003230089618402,0.8105530584133375,0.8105530584133375,-0.002187928984692306,-0.4429017611180535,-0.4429017611180535,0.0014698971026597843,-0.4429017611180535,-0.4429017611180535,0.0014698971026597843,navigate,1.1462972162749383
8.179999999999914,2.7722489989083505,2.7722489989083505,5.003186910388268,0.8017074809238042,0.8017074809238042,-0.0021589615066907944,-0.44227887447666436,-0.44227887447666436,0.0014483739000755837,-0.44227887447666436,-0.44227887447666436,0.0014483739000755837,navigate,1.1337876481304474
8.199999999999914,2.7881066002128354,2.7881066002128354,5.003144302088089,0.7928800652242335,0.7928800652242335,-0.0021304150089750166,-0.44137078497853416,-0.44137078497853416,0.0014273248857888893,-0.44137078497853416,-0.44137078497853416,0.0014273248857888893,navigate,1.1213037654124238
8.219999999999914,2.80378812176973,2.80378812176973,5.003102256480946,0.784076077844711,0.784076077844711,-0.002102280357127396,-0.4401993689761262,-0.4401993689761262,0.0014067325923810175,-0.4401993689761262,-0.4401993689761262,0.0014067325923810175,navigate,1.108853016084364
8.239999999999913,2.819294129315275,2.819294129315275,5.003060765505915,0.7753003772772766,0.7753003772772766,-0.0020745487515370035,-0.43878502837171884,-0.43878502837171884,0.001386580279519634,-0.43878502837171884,-0.43878502837171884,0.001386580279519634,navigate,1.0964422710590365
8.259999999999913,2.8346252781449235,2.8346252781449235,5.00301982127165,0.7665574414824267,0.7665574414824267,-0.0020472117132769034,-0.437146789742501,-0.437146789742501,0.0013668519130049946,-0.437146789742501,-0.437146789742501,0.0013668519130049946,navigate,1.0840778630983878
8.279999999999912,2.8497823060158565,2.8497823060158565,5.002979416050241,0.757851393546651,0.757851393546651,-0.0020202610704146305,-0.43530239678878413,-0.43530239678878413,0.001347532143113651,-0.43530239678878413,-0.43530239678878413,0.001347532143113651,navigate,1.0717656230986299
8.299999999999912,2.8647660265281707,2.8647660265281707,5.002939542271346,0.7491860256157098,0.7491860256157098,-0.001993688944765339,-0.4332683965470606,-0.4332683965470606,0.0013286062824645827,-0.4332683965470606,-0.4332683965470606,0.0013286062824645827,navigate,1.0595109139368666
8.319999999999911,2.879577322952572,2.879577322952572,5.002900192516564,0.7405648212200656,0.7405648212200656,-0.0019674877390936352,-0.43106021978220876,-0.43106021978220876,0.0013100602835851743,-0.43106021978220876,-0.43106021978220876,0.0013100602835851743,navigate,1.0473186620438972
8.339999999999911,2.8942171424745946,2.8942171424745946,5.0028613595140685,0.7319909761011242,0.7319909761011242,-0.0019416501247666534,-0.42869225594707167,-0.42869225594707167,0.0012918807163490907,-0.42869225594707167,-0.42869225594707167,0.0012918807163490907,navigate,1.035193386856852
8.35999999999991,2.908686490827388,2.908686490827388,5.002823036133472,0.7234674176396642,0.7234674176396642,-0.001916169029858216,-0.42617792307300145,-0.42617792307300145,0.0012740547454218683,-0.42617792307300145,-0.42617792307300145,0.0012740547454218683,navigate,1.023139228295035
8.37999999999991,2.9229864272870087,2.9229864272870087,5.002785215380918,0.7149968229810313,0.7149968229810313,-0.001891037627702025,-0.4235297329316451,-0.4235297329316451,0.0012565701078095487,-0.4235297329316451,-0.4235297329316451,0.0012565701078095487,navigate,1.0111599723927198
8.39999999999991,2.937118060005915,2.937118060005915,5.0027478903944,0.706581635945306,0.706581635945306,-0.0018662493258887474,-0.42075935178626533,-0.42075935178626533,0.0012394150906638898,-0.42075935178626533,-0.42075935178626533,0.0012394150906638898,navigate,0.9992590752136487
8.41999999999991,2.951082541662009,2.951082541662009,5.0027110544392865,0.6982240828047027,0.6982240828047027,-0.0018417977557015231,-0.4178776570301658,-0.4178776570301658,0.0012225785093612073,-0.4178776570301658,-0.4178776570301658,0.0012225785093612073,navigate,0.9874396851635596
8.439999999999909,2.964881065402107,2.964881065402107,5.002674700904047,0.6899261870048966,0.6899261870048966,-0.0018176767619818204,-0.41489478999030677,-0.41489478999030677,0.0012060496859851364,-0.41489478999030677,-0.41489478999030677,0.0012060496859851364,navigate,0.9757046638092093
8.459999999999908,2.9785148610601424,2.9785148610601424,5.002638823296178,0.68168978290178,0.68168978290178,-0.001793880393417044,-0.4118202051558302,-0.4118202051558302,0.001189818428238815,-0.4118202051558302,-0.4118202051558302,0.001189818428238815,navigate,0.9640566053050088
8.479999999999908,2.9919851916317484,2.9919851916317484,5.002603415238314,0.6735165285802989,0.6735165285802989,-0.0017704028932401833,-0.4086627160740543,-0.4086627160740543,0.001173875008843032,-0.4086627160740543,-0.4086627160740543,0.001173875008843032,navigate,0.9524978545215299
8.499999999999908,3.005293349988098,3.005293349988098,5.002568470464507,0.665407917817493,0.665407917817493,-0.0017472386903310095,-0.4054305381402951,-0.4054305381402951,0.0011582101454586883,-0.4054305381402951,-0.4054305381402951,0.0011582101454586883,navigate,0.9410305239637362
8.519999999999907,3.018440655813051,3.018440655813051,5.002533982816693,0.6573652912476378,0.6573652912476378,-0.0017243823907076039,-0.40213132849276284,-0.40213132849276284,0.0011428149811702859,-0.40213132849276284,-0.40213132849276284,0.0011428149811702859,navigate,0.929656509560823
8.539999999999907,3.03142845274872,3.03142845274872,5.002499946241304,0.6493898467834457,0.6493898467834457,-0.001701828769396782,-0.3987722232096053,-0.3987722232096053,0.0011276810655410916,-0.3987722232096053,-0.3987722232096053,0.0011276810655410916,navigate,0.9183775054039676
8.559999999999906,3.044258105735592,3.044258105735592,5.00246635478605,0.6414826493436084,0.6414826493436084,-0.0016795727626714636,-0.39535987199186434,-0.39535987199186434,0.0011128003362659263,-0.39535987199186434,-0.39535987199186434,0.0011128003362659263,navigate,0.9071950175031027
8.579999999999906,3.0569309985342628,3.0569309985342628,5.002433202596838,0.6336446399335337,0.6336446399335337,-0.0016576094606428043,-0.3919004705037348,-0.3919004705037348,0.0010981651014329602,-0.3919004705037348,-0.3919004705037348,0.0010981651014329602,navigate,0.8961103766289726
8.599999999999905,3.0694485314167217,3.0694485314167217,5.002400483914834,0.6258766441229363,0.6258766441229363,-0.0016359341001951472,-0.38839979052987017,-0.38839979052987017,0.0010837680223828475,-0.38839979052987017,-0.38839979052987017,0.0010837680223828475,navigate,0.8851247503022145
8.619999999999905,3.081812119015941,3.081812119015941,5.002368193073669,0.6181793799609633,0.6181793799609633,-0.0016145420582509675,-0.3848632080986507,-0.3848632080986507,0.0010696020972089841,-0.3848632080986507,-0.3848632080986507,0.0010696020972089841,navigate,0.8742391539869968
8.639999999999905,3.094023188323276,3.094023188323276,5.002336324496762,0.6105534653667597,0.6105534653667597,-0.001593428845353985,-0.38129572971018094,-0.38129572971018094,0.0010556606448491204,-0.38129572971018094,-0.38129572971018094,0.0010556606448491204,navigate,0.8634544615428212
8.659999999999904,3.106083176823892,3.106083176823892,5.00230487269477,0.6029994250307927,0.6029994250307927,-0.0015725900995583147,-0.377702016798347,-0.377702016798347,0.0010419372897835137,-0.377702016798347,-0.377702016798347,0.0010419372897835137,navigate,0.8527714149844344
8.679999999999904,3.1179935307610886,3.1179935307610886,5.002273832263158,0.5955176968598449,0.5955176968598449,-0.0015520215806112667,-0.3740864085473895,-0.3740864085473895,0.0010284259473524,-0.3740864085473895,-0.3740864085473895,0.0010284259473524,navigate,0.8421906335963937
8.699999999999903,3.1297557035210155,3.1297557035210155,5.002243197879869,0.5881086379963397,0.5881086379963397,-0.0015317191644181232,-0.3704529431752604,-0.3704529431752604,0.0010151208096571764,-0.3704529431752604,-0.3704529431752604,0.0010151208096571764,navigate,0.8317126224456487
8.719999999999903,3.141371154129827,3.141371154129827,5.002212964303113,0.5807725304405735,0.5807725304405735,-0.0015116788377774347,-0.3668053777883077,-0.3668053777883077,0.0010020163320344222,-0.3668053777883077,-0.3668053777883077,0.0010020163320344222,navigate,0.8213377803325513
8.739999999999903,3.152841345855877,3.152841345855877,5.002183126369245,0.57350958630248,0.57350958630248,-0.001491896693375135,-0.3631472069046793,-0.3631472069046793,0.000989107220114983,-0.3631472069046793,-0.3631472069046793,0.000989107220114983,navigate,0.811066407217946
8.759999999999902,3.1641677449100314,3.1641677449100314,5.002153678990744,0.5663199527077365,0.5663199527077365,-0.0014723689250266273,-0.35948167973717376,-0.35948167973717376,0.0009763884174253852,-0.35948167973717376,-0.35948167973717376,0.0009763884174253852,navigate,0.8008987111614284
8.779999999999902,3.175351819237658,3.175351819237658,5.002124617154282,0.5592037163813365,0.5592037163813365,-0.001453091823155706,-0.35581181632000314,-0.35581181632000314,0.0009638550935460654,-0.35581181632000314,-0.35581181632000314,0.0009638550935460654,navigate,0.7908348148034727
8.799999999999901,3.1863950373962617,3.1863950373962617,5.002095935918872,0.5521609079301729,0.5521609079301729,-0.0014340617705003722,-0.3521404225581788,-0.3521404225581788,0.0009515026327666882,-0.3521404225581788,-0.3521404225581788,0.0009515026327666882,navigate,0.7808747614218988
8.8199999999999,3.197298867513156,3.197298867513156,5.002067630414111,0.5451915058447174,0.5451915058447174,-0.0014152752380344026,-0.3484701042727759,-0.3484701042727759,0.000939326623298483,-0.3484701042727759,-0.3484701042727759,0.000939326623298483,navigate,0.7710185205910819
8.8399999999999,3.208064776317926,3.208064776317926,5.00203969583849,0.5382954402385105,0.5382954402385105,-0.0013967287810959445,-0.34480328031034485,-0.34480328031034485,0.0009273228469229063,-0.34480328031034485,-0.34480328031034485,0.0009273228469229063,navigate,0.7612659934703715
8.8599999999999,3.2186942282447846,3.2186942282447846,5.002012127457776,0.5314725963429102,0.5314725963429102,-0.0013784190357125081,-0.34114219478001334,-0.34114219478001334,0.0009154872691718228,-0.34114219478001334,-0.34114219478001334,0.0009154872691718228,navigate,0.7516170177463959
8.8799999999999,3.2291886846002518,3.2291886846002518,5.001984920603474,0.5247228177733607,0.5247228177733607,-0.0013603427151139985,-0.3374889284774742,-0.3374889284774742,0.0009038160299254872,-0.3374889284774742,-0.3374889284774742,0.0009038160299254872,navigate,0.7420713722522475
8.899999999999899,3.2395496027918984,3.2395496027918984,5.001958070671345,0.5180459095823411,0.5180459095823411,-0.0013424966064242735,-0.3338454095509804,-0.3338454095509804,0.0008923054344862483,-0.3338454095509804,-0.3338454095509804,0.0008923054344862483,navigate,0.7326287812849892
8.919999999999899,3.249778435614161,3.249778435614161,5.001931573119995,0.5114416411131273,0.5114416411131273,-0.0013248775675230953,-0.33021342346068916,-0.33021342346068916,0.0008809519450589159,-0.33021342346068916,-0.33021342346068916,0.0008809519450589159,navigate,0.7232889186414697
8.939999999999898,3.2598766305875118,3.2598766305875118,5.0019054234695135,0.5049097486675441,0.5049097486675441,-0.0013074825240699916,-0.32659462227916025,-0.32659462227916025,0.0008697521726551798,-0.32659462227916025,-0.32659462227916025,0.0008697521726551798,navigate,0.7140514113910819
8.959999999999898,3.2698456293475116,3.2698456293475116,5.00187961730018,0.4984499379999932,0.4984499379999932,-0.0012903084666822814,-0.32299053337754563,-0.32299053337754563,0.0008587028693855103,-0.32299053337754563,-0.32299053337754563,0.0008587028693855103,navigate,0.7049158434028372
8.979999999999897,3.2796868670804957,3.2796868670804957,5.001854150251215,0.4920618866492145,0.4920618866492145,-0.001273352448259613,-0.3194025675389351,-0.3194025675389351,0.0008478009211334237,-0.3194025675389351,-0.3194025675389351,0.0008478009211334237,navigate,0.6958817586429654
8.999999999999897,3.289401772002865,3.289401772002865,5.001829018019586,0.4857452461184644,0.4857452461184644,-0.00125661158144791,-0.3158320265375053,-0.3158320265375053,0.0008370433405851492,-0.3158320265375053,-0.3158320265375053,0.0008370433405851492,navigate,0.6869486642581393
9.019999999999897,3.2989917648811464,3.2989917648811464,5.001804216358861,0.4794996439140757,0.4794996439140757,-0.0012400830362352402,-0.3122801102194375,-0.3122801102194375,0.0008264272606334823,-0.3122801102194375,-0.3122801102194375,0.0008264272606334823,navigate,0.6781160334584247
9.039999999999896,3.3084582585901803,3.3084582585901803,5.001779741078108,0.47332468545169304,0.47332468545169304,-0.0012237640376738534,-0.3087479231191318,-0.3087479231191318,0.0008159499280693341,-0.3087479231191318,-0.3087479231191318,0.0008159499280693341,navigate,0.6693833082130957
9.059999999999896,3.3178026577069573,3.3178026577069573,5.001755588040834,0.4672199558388542,0.4672199558388542,-0.0012076518637209942,-0.3052364806419439,-0.3052364806419439,0.0008056086976429608,-0.3052364806419439,-0.3052364806419439,0.0008056086976429608,navigate,0.6607499017715748
9.079999999999895,3.3270263581377972,3.3270263581377972,5.00173175316397,0.4611850215420036,0.4611850215420036,-0.0011917438431932326,-0.3017467148425283,-0.3017467148425283,0.0007954010263880843,-0.3017467148425283,-0.3017467148425283,0.0007954010263880843,navigate,0.6522152010209394
9.099999999999895,3.336130746776707,3.336130746776707,5.0017082324168936,0.4552194319454857,0.4552194319454857,-0.0011760373538279966,-0.29827947982589337,-0.29827947982589337,0.0007853244682617995,-0.29827947982589337,-0.29827947982589337,0.0007853244682617995,navigate,0.6437785686906632
9.119999999999894,3.345117201192898,3.345117201192898,5.001685021820484,0.4493227208095573,0.4493227208095573,-0.001160529820447037,-0.29483555679641804,-0.29483555679641804,0.0007753766690479834,-0.29483555679641804,-0.29483555679641804,0.0007753766690479834,navigate,0.6354393454145493
9.139999999999894,3.3539870893455777,3.3539870893455777,5.00166211744622,0.4434944076339902,0.4434944076339902,-0.0011452187132162527,-0.29141565877835757,-0.29141565877835757,0.0007655553615392144,-0.29141565877835757,-0.29141565877835757,0.0007655553615392144,navigate,0.6271968516591492
9.159999999999894,3.3627417693242454,3.3627417693242454,5.001639515415301,0.4377339989333948,0.4377339989333948,-0.0011301015459971508,-0.2880204350297688,-0.2880204350297688,0.0007558583609550924,-0.2880204350297688,-0.2880204350297688,0.0007558583609550924,navigate,0.6190503895273364
9.179999999999893,3.3713825891128453,3.3713825891128453,5.001617211897805,0.4320409894299892,0.4320409894299892,-0.0011151758747848493,-0.28465047517028036,-0.28465047517028036,0.0007462835606150738,-0.28465047517028036,-0.28465047517028036,0.0007462835606150738,navigate,0.61099924444513
9.199999999999893,3.379910886376228,3.379910886376228,5.00159520311188,0.42641486316915406,0.42641486316915406,-0.0011004392962282766,-0.2813063130417577,-0.2813063130417577,0.0007368289278286287,-0.2813063130417577,-0.2813063130417577,0.0007368289278286287,navigate,0.6030426867393232
9.219999999999892,3.3883279882674833,3.3883279882674833,5.001573485322956,0.42085509456276193,0.42085509456276193,-0.0010858894462279385,-0.2779884303196062,-0.2779884303196062,0.0007274925000169024,-0.2779884303196062,-0.2779884303196062,0.0007274925000169024,navigate,0.5951799731129669
9.239999999999892,3.396635211254782,3.396635211254782,5.001552054842984,0.4153611493649366,0.4153611493649366,-0.001071523998607407,-0.27469725989126526,-0.27469725989126526,0.0007182723810265734,-0.27469725989126526,-0.27469725989126526,0.0007182723810265734,navigate,0.5874103480252982
9.259999999999891,3.4048338609664737,3.4048338609664737,5.001530908029706,0.4099324855845905,0.4099324855845905,-0.0010573406638543404,-0.27143318901730656,-0.27143318901730656,0.000709166737653337,-0.27143318901730656,-0.27143318901730656,0.000709166737653337,navigate,0.5797330449822578
9.279999999999891,3.4129252320532495,3.4129252320532495,5.001510041285948,0.4045685543388,0.4045685543388,-0.0010433371879275252,-0.268196562289524,-0.268196562289524,0.0007001737963407547,-0.268196562289524,-0.268196562289524,0.0007001737963407547,navigate,0.5721472877433404
9.29999999999989,3.420910608066266,3.420910608066266,5.001489451058925,0.39926880065081166,0.39926880065081166,-0.0010295113511259502,-0.2649876843994179,-0.2649876843994179,0.0006912918400787454,-0.2649876843994179,-0.2649876843994179,0.0006912918400787454,navigate,0.5646522914501431
9.31999999999989,3.4287912613501903,3.4287912613501903,5.001469133839584,0.39403266419622013,0.39403266419622013,-0.0010158609670171388,-0.2618068227295758,-0.2618068227295758,0.0006825192054405679,-0.2618068227295758,-0.2618068227295758,0.0006825192054405679,navigate,0.5572472636816144
9.33999999999989,3.436568452950203,3.436568452950203,5.001449086161956,0.3888595800006281,0.3888595800006281,-0.0010023838814209938,-0.25865420977960313,-0.25865420977960313,0.000673854279807248,-0.25865420977960313,-0.25865420977960313,0.000673854279807248,navigate,0.5499314054406926
9.35999999999989,3.4442434325320406,3.4442434325320406,5.001429304602527,0.3837489790918784,0.3837489790918784,-0.0009890779714463475,-0.2555300454374866,-0.2555300454374866,0.0006652954987323144,-0.2555300454374866,-0.2555300454374866,0.0006652954987323144,navigate,0.5427039120766971
9.379999999999889,3.4518174383142357,3.4518174383142357,5.001409785779636,0.37870028910974807,0.37870028910974807,-0.0009759411445772883,-0.25243449910651555,-0.25243449910651555,0.0006568413434529618,-0.25243449910651555,-0.25243449910651555,0.0006568413434529618,navigate,0.5355639741475627
9.399999999999888,3.4592916970117518,3.4592916970117518,5.001390526352879,0.37371293487580337,0.37371293487580337,-0.0009629713378064636,-0.24936771169723448,-0.24936771169723448,0.0006484903385412331,-0.24936771169723448,-0.24936771169723448,0.0006484903385412331,navigate,0.5285107782257333
9.419999999999888,3.4666674237902706,3.4666674237902706,5.001371523022543,0.3687863389259386,0.3687863389259386,-0.0009501665168128665,-0.24632979749323874,-0.24632979749323874,0.000640241049679859,-0.24632979749323874,-0.24632979749323874,0.000640241049679859,navigate,0.5215435076512833
9.439999999999888,3.4739458222304296,3.4739458222304296,5.00135277252904,0.3639199220079575,0.3639199220079575,-0.0009375246751816354,-0.24332084589905723,-0.24332084589905723,0.0006320920815615507,-0.24332084589905723,-0.24332084589905723,0.0006320920815615507,navigate,0.5146613432356002
9.459999999999887,3.4811280843013575,3.4811280843013575,5.001334271652366,0.35911310354640164,0.35911310354640164,-0.0009250438336632127,-0.24034092307779126,-0.24034092307779126,0.0006240420759211333,-0.24034092307779126,-0.24034092307779126,0.0006240420759211333,navigate,0.5078634639187498
9.479999999999887,3.488215390342891,3.488215390342891,5.001316017211577,0.35436530207668787,0.35436530207668787,-0.0009127220394701528,-0.23739007348568952,-0.23739007348568952,0.0006160897096529988,-0.23739007348568952,-0.23739007348568952,0.0006160897096529988,navigate,0.5011490473834365
9.499999999999886,3.4952089090559006,3.4952089090559006,5.001298006064265,0.3496759356504811,0.3496759356504811,-0.0009005573656091205,-0.2344683213103376,-0.2344683213103376,0.0006082336930516143,-0.2344683213103376,-0.2344683213103376,0.0006082336930516143,navigate,0.4945172706282841
9.519999999999886,3.5021097975001827,3.5021097975001827,5.00128023510606,0.34504442221410686,0.34504442221410686,-0.0008885479102461093,-0.23157567181871194,-0.23157567181871194,0.0006004727681505612,-0.23157567181871194,-0.23157567181871194,0.0006004727681505612,navigate,0.487967310502991
9.539999999999885,3.5089192010994164,3.5089192010994164,5.0012627012701385,0.3404701799616883,0.3404701799616883,-0.000876691796103256,-0.228712112620927,-0.228712112620927,0.0005928057071426673,-0.228712112620927,-0.228712112620927,0.0005928057071426673,navigate,0.4814983442077389
9.559999999999885,3.515638253652708,3.515638253652708,5.001245401526741,0.33595262766458617,0.33595262766458617,-0.0008649871698851636,-0.22587761485510813,-0.22587761485510813,0.0005852313109046233,-0.22587761485510813,-0.22587761485510813,0.0005852313109046233,navigate,0.475109549759089
9.579999999999885,3.5222680773522805,3.5222680773522805,5.001228332882706,0.3314911849786166,0.3314911849786166,-0.00085343220173317,-0.22307213429847836,-0.22307213429847836,0.0005777484075996783,-0.22307213429847836,-0.22307213429847836,0.0005777484075996783,navigate,0.4688001064244523
9.599999999999884,3.528809782806889,3.528809782806889,5.001211492381011,0.32708527273042876,0.32708527273042876,-0.0008420250847060682,-0.2202956124093936,-0.2202956124093936,0.0005703558513550917,-0.2202956124093936,-0.2202956124093936,0.0005703558513550917,navigate,0.4625691951270871
9.619999999999884,3.5352644690705755,3.5352644690705755,5.001194877100326,0.3227343131843335,0.3227343131843335,-0.0008307640342856708,-0.21754797730476236,-0.21754797730476236,0.000563052521019872,-0.21754797730476236,-0.21754797730476236,0.000563052521019872,navigate,0.4564159988234501
9.639999999999883,3.541633223676391,3.541633223676391,5.0011784841545674,0.31843773029079386,0.31843773029079386,-0.000819647287905718,-0.2148291446769808,-0.2148291446769808,0.0005558373189976404,-0.2148291446769808,-0.2148291446769808,0.0005558373189976404,navigate,0.4503397028546132
9.659999999999883,3.5479171226747455,3.5479171226747455,5.001162310692477,0.3141949499177089,0.3141949499177089,-0.0008086731045028358,-0.21213901865424628,-0.21213901865424628,0.0005487091701441066,-0.21213901865424628,-0.21213901865424628,0.0005487091701441066,navigate,0.4443394952733475
9.679999999999882,3.5541172306760567,3.5541172306760567,5.001146353897195,0.3100054000655517,0.3100054000655517,-0.0007978397640885343,-0.209477492607859,-0.209477492607859,0.0005416670207150785,-0.209477492607859,-0.209477492607859,0.0005416670207150785,navigate,0.43841456714837235
9.699999999999882,3.5602346008974037,3.5602346008974037,5.001130610985848,0.305868511067354,0.305868511067354,-0.0007871455673404856,-0.20684444990988407,-0.20684444990988407,0.000534709837402429,-0.20684444990988407,-0.20684444990988407,0.000534709837402429,navigate,0.4325641128471759
9.719999999999882,3.566270275212893,3.566270275212893,5.0011150792091446,0.3017837157744676,0.3017837157744676,-0.0007765888352125673,-0.2042397646443202,-0.2042397646443202,0.0005278366063959152,-0.2042397646443202,-0.2042397646443202,0.0005278366063959152,navigate,0.42678733029871946
9.739999999999881,3.5722252842074727,3.5722252842074727,5.001099755850973,0.29775044972897313,0.29775044972897313,-0.0007661679085620469,-0.2016633022747243,-0.2016633022747243,0.0005210463325260239,-0.2016633022747243,-0.2016633022747243,0.0005210463325260239,navigate,0.42108342123725984
9.75999999999988,3.578100647233944,3.578100647233944,5.001084638228017,0.2937681513235525,0.2937681513235525,-0.0007558811477932486,-0.19911492027103225,-0.19911492027103225,0.0005143380384399177,-0.19911492027103225,-0.19911492027103225,0.0005143380384399177,navigate,0.41545159142844174
9.77999999999988,3.5838973724729355,3.5838973724729355,5.001069723689366,0.28983626194958934,0.28983626194958934,-0.0007457269325168244,-0.19659446869815758,-0.19659446869815758,0.0005077107638212074,-0.19659446869815758,-0.19659446869815758,0.0005077107638212074,navigate,0.4098910508787424
9.79999999999988,3.58961645699562,3.58961645699562,5.001055009616142,0.2859542261342141,0.2859542261342141,-0.0007357036612232197,-0.19410179076876202,-0.19410179076876202,0.0005011635646802366,-0.19410179076876202,-0.19410179076876202,0.0005011635646802366,navigate,0.40440101402928214
9.81999999999988,3.5952588868289594,3.5952588868289594,5.001040493421122,0.28212149166696504,0.28212149166696504,-0.0007258097509700234,-0.1916367233624527,-0.1916367233624527,0.0004946955126598182,-0.1916367233624527,-0.1916367233624527,0.0004946955126598182,navigate,0.39898069993494856
9.839999999999879,3.600825637023293,3.600825637023293,5.00102617254838,0.27833750971669513,0.27833750971669513,-0.000716043637082077,-0.1891990975134943,-0.1891990975134943,0.0004883056943973202,-0.1891990975134943,-0.1891990975134943,0.0004883056943973202,navigate,0.3936293324297275
9.859999999999879,3.6063176717220795,3.6063176717220795,5.001012044472923,0.2746017349393149,0.2746017349393149,-0.0007064037728638545,-0.18678873886901284,-0.18678873886901284,0.00048199321091112185,-0.18678873886901284,-0.18678873886901284,0.00048199321091112185,navigate,0.3883461402790735
9.879999999999878,3.611735944233618,3.611735944233618,5.000998106700337,0.27091362557692444,0.27091362557692444,-0.000696888629322986,-0.18440546811952319,-0.18440546811952319,0.0004757571770434278,-0.18440546811952319,-0.18440546811952319,0.0004757571770434278,navigate,0.38313035732010287
9.899999999999878,3.6170813971045948,3.6170813971045948,5.0009843567664385,0.26727264354885466,0.26727264354885466,-0.0006874966949047213,-0.18204910140348848,-0.18204910140348848,0.0004695967209132324,-0.18204910140348848,-0.18204910140348848,0.0004695967209132324,navigate,0.3779812225903447
9.919999999999877,3.622354962195297,3.622354962195297,5.0009707922369335,0.26367825453510396,0.26367825453510396,-0.0006782264752363865,-0.1797194506875358,-0.1797194506875358,0.00046351098341674456,-0.1797194506875358,-0.1797194506875358,0.00046351098341674456,navigate,0.3728979804457378
9.939999999999877,3.6275575607563493,3.6275575607563493,5.000957410707076,0.26012992805262763,0.26012992805262763,-0.0006690764928813789,-0.1774163241238173,-0.1774163241238173,0.0004574991177503738,-0.1774163241238173,-0.1774163241238173,0.0004574991177503738,navigate,0.367879880668519
9.959999999999877,3.6326901035068473,3.6326901035068473,5.000944209801334,0.2566271375249091,0.2566271375249091,-0.0006600452871020051,-0.17513952638592636,-0.17513952638592636,0.00045156028896869445,-0.17513952638592636,-0.17513952638592636,0.00045156028896869445,navigate,0.36292617856561166
9.979999999999876,3.6377534907137514,3.6377534907137514,5.0009311871730615,0.2531693603452153,0.2531693603452153,-0.0006511314136307777,-0.17288885898469117,-0.17288885898469117,0.0004456936735613682,-0.17288885898469117,-0.17288885898469117,0.0004456936735613682,navigate,0.3580361350580815
9.999999999999876,3.6427486122724297,3.6427486122724297,5.000918340504173,0.24975607793391394,0.24975607793391394,-0.0006423334444495846,-0.17066412056506924,-0.17066412056506924,0.00043989845905965616,-0.17066412056506924,-0.17066412056506924,0.00043989845905965616,navigate,0.35320901676219485
10.019999999999875,3.647676347788234,3.647676347788234,5.000905667504822,0.24638677579020793,0.24638677579020793,-0.0006336499675763482,-0.1684651071853003,-0.1684651071853003,0.00043417384366182323,-0.1684651071853003,-0.1684651071853003,0.00043417384366182323,navigate,0.34844409606258187
10.039999999999875,3.655994761772039,3.655994761772039,5.000893119826619,0.41592069919025987,0.41592069919025987,-0.0006273839101250092,8.476696170002596,8.476696170002596,0.00031330287256694893,8.476696170002596,8.476696170002596,0.00031330287256694893,navigate,0.5882010282551365
10.059999999999874,3.667697502505094,3.667697502505094,5.00088071068148,0.5851370366527393,0.5851370366527393,-0.0006204572569328097,8.460816873123973,8.460816873123973,0.0003463326596099772,8.460816873123973,8.460816873123973,0.0003463326596099772,navigate,0.8275089656872039
10.079999999999874,3.6827749875408182,3.6827749875408182,5.000868453207064,0.753874251786209,0.753874251786209,-0.000612873720773658,8.436860756673488,8.436860756673488,0.0003791768079575839,8.436860756673488,8.436860756673488,0.0003791768079575839,navigate,1.0661393673561774
10.099999999999874,3.7012144357241086,3.7012144357241086,5.000856360457209,0.9219724091645142,0.9219724091645142,-0.000604637492802301,8.404907868915258,8.404907868915258,0.0004118113985678476,8.404907868915258,8.404907868915258,0.0004118113985678476,navigate,1.3038660253675354
10.119999999999873,3.7229999113154957,3.7229999113154957,5.00084444539588,1.0892737795693448,1.0892737795693448,-0.0005957530664159199,8.365068520241527,8.365068520241527,0.00044422131931905456,8.365068520241527,8.365068520241527,0.00044422131931905456,navigate,1.5404658674038472
10.139999999999873,3.7481123798917273,3.7481123798917273,5.000832720895609,1.2556234288115729,1.2556234288115729,-0.0005862250135463759,8.317482462111409,8.317482462111409,0.0004764026434771973,8.317482462111409,8.317482462111409,0.0004764026434771973,navigate,1.7757197790250658
10.159999999999872,3.776379300349407,3.776379300349407,5.000821192572494,1.4133460228839978,1.4133460228839978,-0.0005764161557194666,7.8861297036212425,7.8861297036212425,0.0004904428913454712,7.8861297036212425,7.8861297036212425,0.0004904428913454712,navigate,1.998773197003505
10.179999999999872,3.8075334346088248,3.8075334346088248,5.0008098603629465,1.5577067129708775,1.5577067129708775,-0.0005666104773941425,7.21803450434399,7.21803450434399,0.0004902839162662014,7.21803450434399,7.21803450434399,0.0004902839162662014,navigate,2.2029300325513077
10.199999999999871,3.8413234919663997,3.8413234919663997,5.0007987234479065,1.6895028678787425,1.6895028678787425,-0.0005568457520195827,6.589807745393246,6.589807745393246,0.0004882362687279902,6.589807745393246,6.589807745393246,0.0004882362687279902,navigate,2.389317934310581
10.219999999999871,3.8775137161352795,3.8775137161352795,5.000787780357422,1.8095112084439908,1.8095112084439908,-0.0005471545242105829,6.000417028262419,6.000417028262419,0.00048456139044999026,6.000417028262419,6.000417028262419,0.00048456139044999026,navigate,2.5590353507419428
10.23999999999987,3.915883389513431,3.915883389513431,5.000777029066497,1.9184836689075564,1.9184836689075564,-0.0005375645462731844,5.448623023178279,5.448623023178279,0.00047949889686992595,5.448623023178279,5.448623023178279,0.00047949889686992595,navigate,2.713145677015084
10.25999999999987,3.9562262740165917,3.9562262740165917,5.00076646708232,2.017144225158049,2.017144225158049,-0.0005280992088442679,4.933027812524635,4.933027812524635,0.00047326687144582454,4.933027812524635,4.933027812524635,0.00047326687144582454,navigate,2.8526727693630947
10.27999999999987,3.9983500054891987,3.9983500054891987,5.000756091523139,2.106186573630349,2.106186573630349,-0.0005187779590528013,4.452117423615006,4.452117423615006,0.0004660624895733312,4.452117423615006,4.452117423615006,0.0004660624895733312,navigate,2.9785976624935553
10.29999999999987,4.042075456458132,4.042075456458132,5.000745899189115,2.1862725484466754,2.1862725484466754,-0.0005096167012122903,4.0042987408163135,4.0042987408163135,0.00045806289202554617,4.0042987408163135,4.0042987408163135,0.00045806289202554617,navigate,3.0918563310561864
10.319999999999869,4.08723607986926,4.08723607986926,5.000735886625587,2.2580311705564244,2.2580311705564244,-0.000500628176443922,3.587931105487452,3.587931105487452,0.0004494262384184142,3.587931105487452,3.587931105487452,0.0004494262384184142,navigate,3.1933383449044985
10.339999999999868,4.1336772444768775,4.1336772444768775,5.00072605017921,2.3220582303808497,2.3220582303808497,-0.000491822318811558,3.2013529912212517,3.2013529912212517,0.00044029288161819816,3.2013529912212517,3.2013529912212517,0.00044029288161819816,navigate,3.2838862788543817
10.359999999999868,4.181255570759922,4.181255570759922,5.00071638604748,2.378916314152218,2.378916314152218,-0.0004832065865343982,2.842904188568416,2.842904188568416,0.0004307866138579899,2.842904188568416,2.842904188568416,0.0004307866138579899,navigate,3.364295749925644
10.379999999999868,4.22983827462474,4.22983827462474,5.000706890322127,2.4291351932409033,2.4291351932409033,-0.00047478626764537525,2.5109439544342846,2.5109439544342846,0.0004210159444511481,2.5109439544342846,2.5109439544342846,0.0004210159444511481,navigate,3.4353159679285747
10.399999999999867,4.279302524722617,4.279302524722617,5.000697559026925,2.473212504893855,2.473212504893855,-0.0004665647601021027,2.2038655826475844,2.2038655826475844,0.0004110753771636268,2.2038655826475844,2.2038655826475844,0.0004110753771636268,navigate,3.497650698170037
10.419999999999867,4.329534817956086,4.329534817956086,5.000688388150388,2.5116146616734505,2.5116146616734505,-0.0004585438268541365,1.9201078389797883,1.9201078389797883,0.00040104666239831205,1.9201078389797883,1.9201078389797883,0.00040104666239831205,navigate,3.551959547591797
10.439999999999866,4.380430376661751,4.380430376661751,5.000679373673853,2.5447779352832605,2.5447779352832605,-0.0004507238267422874,1.6581636804904971,1.6581636804904971,0.000391000005592453,1.6581636804904971,1.6581636804904971,0.000391000005592453,navigate,3.598859497529882
10.459999999999866,4.43189257002703,4.43189257002703,5.0006705115954055,2.5731096682639647,2.5731096682639647,-0.00044310392237514764,1.4165866490352212,1.4165866490352212,0.00038099521835698697,1.4165866490352212,1.4165866490352212,0.00038099521835698697,navigate,3.638926617310119
10.479999999999865,4.483832361510275,4.483832361510275,5.000661797950079,2.5969895741621984,2.5969895741621984,-0.00043568226631036445,1.1939952949116872,1.1939952949116872,0.00037108280323915884,1.1939952949116872,1.1939952949116872,0.00037108280323915884,navigate,3.672697902963617
10.499999999999865,4.536167783373962,4.536167783373962,5.00065322882674,2.616771093184346,2.616771093184346,-0.0004284561669801296,0.9890759511073672,0.9890759511073672,0.00036130496651174207,0.9890759511073672,0.9890759511073672,0.00036130496651174207,navigate,3.70067319441005
10.519999999999865,4.588823438894874,4.588823438894874,5.000644800382022,2.6327827760455746,2.6327827760455746,-0.0004214222358568531,0.8005841430614266,0.8005841430614266,0.0003516965561638239,0.8005841430614266,0.8005841430614266,0.0003516965561638239,navigate,3.7233171325151964
10.539999999999864,4.641730032369556,4.641730032369556,5.000636508851675,2.6453296737341065,2.6453296737341065,-0.0004145765173661925,0.6273448844265995,0.6273448844265995,0.0003422859245330298,0.6273448844265995,0.6273448844265995,0.0003422859245330298,navigate,3.7410611245140166
10.559999999999864,4.694823926674958,4.694823926674958,5.000628350559614,2.6546947152700766,2.6546947152700766,-0.0004079146030330364,0.4682520767985142,0.4682520767985142,0.0003330957166578041,0.4682520767985142,0.4682520767985142,0.0003330957166578041,navigate,3.754305292455592
10.579999999999863,4.748046727860865,4.748046727860865,5.0006203219249885,2.661140059295388,2.661140059295388,-0.00040143173129919985,0.32226720126558184,0.32226720126558184,0.0003241435866918283,0.32226720126558184,0.32226720126558184,0.0003241435866918283,navigate,3.7634203846395846
10.599999999999863,4.801344896031649,4.801344896031649,5.000612419467501,2.66490840853921,2.66490840853921,-0.0003951228743865542,0.18841746219108457,0.18841746219108457,0.0003154428456322827,0.18841746219108457,0.18841746219108457,0.0003154428456322827,navigate,3.7687496345509683
10.619999999999862,4.854669381610021,4.854669381610021,5.000604639811231,2.6662242789186115,2.6662242789186115,-0.0003889828135026283,0.06579351897007224,0.06579351897007224,0.00030700304419629476,0.06579351897007224,0.06579351897007224,0.00030700304419629476,navigate,3.7706105556392018
10.639999999999862,4.907975285956228,4.907975285956228,5.000596979687159,2.665295217310324,2.665295217310324,-0.00038300620360157947,-0.046453080414385894,-0.046453080414385894,0.00029883049505244016,-0.046453080414385894,-0.046453080414385894,0.00029883049505244016,navigate,3.7692966635074407
10.659999999999862,4.961221545234641,4.961221545234641,5.000589435934582,2.662312963920612,2.662312963920612,-0.00037718762882512724,-0.14911266948560464,-0.14911266948560464,0.00029092873882261114,-0.14911266948560464,-0.14911266948560464,0.00029092873882261114,navigate,3.7650791197516704
10.679999999999861,5.014370636369348,5.014370636369348,5.000582005501589,2.65745455673538,2.65745455673538,-0.0003715216496596168,-0.24292035926159006,-0.24292035926159006,0.0002832989582755222,-0.24292035926159006,-0.24292035926159006,0.0002832989582755222,navigate,3.7582082938889383
10.69999999999986,5.0673883039053,5.0673883039053,5.000574685444734,2.650883376797618,2.650883376797618,-0.00036600284275678936,-0.3285589968881111,-0.3285589968881111,0.0002759403451413708,-0.3285589968881111,-0.3285589968881111,0.0002759403451413708,navigate,3.748915241602824
10.71999999999986,5.120243306586812,5.120243306586812,5.000567472928049,2.6427501340755963,2.6427501340755963,-0.0003606258342818189,-0.4066621361010776,-0.4066621361010776,0.0002688504237485219,-0.4066621361010776,-0.4066621361010776,0.0002688504237485219,navigate,3.737413098971554
10.73999999999986,5.172907182476613,5.172907182476613,5.000560365221498,2.633193794490026,2.633193794490026,-0.0003553853275703093,-0.4778169792785073,-0.4778169792785073,0.0002620253355754817,-0.4778169792785073,-0.4778169792785073,0.0002620253355754817,navigate,3.723898393482332
10.75999999999986,5.225354031462505,5.225354031462505,5.000553359698982,2.6223424492946017,2.6223424492946017,-0.000350276125799484,-0.5425672597712226,-0.5425672597712226,0.00025546008854126514,-0.5425672597712226,-0.5425672597712226,0.00025546008854126514,navigate,3.708552273521055
10.779999999999859,5.277560314032123,5.277560314032123,5.000546453835976,2.610314128480915,2.610314128480915,-0.0003452931503074005,-0.6014160406843417,-0.6014160406843417,0.0002491487746041737,-0.6014160406843417,-0.6014160406843417,0.0002491487746041737,navigate,3.6915416587005376
10.799999999999859,5.3295046652367395,5.3295046652367395,5.0005396452068736,2.5972175602308023,2.5972175602308023,-0.00034043145512726436,-0.6548284125056375,-0.6548284125056375,0.00024308475900680754,-0.6548284125056375,-0.6548284125056375,0.00024308475900680754,navigate,3.6730203138882933
10.819999999999858,5.381167722810511,5.381167722810511,5.000532931482109,2.5831528786885465,2.5831528786885465,-0.0003356862382429475,-0.7032340771127997,-0.7032340771127997,0.0002372608442158431,-0.7032340771127997,-0.7032340771127997,0.0002372608442158431,navigate,3.6531298501475553
10.839999999999858,5.4325319684603235,5.4325319684603235,5.0005263104251085,2.5682122824906646,2.5682122824906646,-0.00033105285001586973,-0.7470298098941048,-0.7470298098941048,0.000231669411353888,-0.7470298098941048,-0.7470298098941048,0.000231669411353888,navigate,3.6320006560390112
10.859999999999857,5.483581581392087,5.483581581392087,5.0005197798891245,2.552480646588198,2.552480646588198,-0.00032652679918223525,-0.786581795123328,-0.786581795123328,0.00022630254168172387,-0.786581795123328,-0.786581795123328,0.00022630254168172387,navigate,3.6097527628681667
10.879999999999857,5.5343023031908665,5.5343023031908665,5.000513337813989,2.5360360899389622,2.5360360899389622,-0.00032210375677344845,-0.8222278324617962,-0.8222278324617962,0.00022115212043933964,-0.8222278324617962,-0.8222278324617962,0.00022115212043933964,navigate,3.586496647523406
10.899999999999856,5.584681313223796,5.584681313223796,5.000506982222824,2.5189505016464713,2.5189505016464713,-0.0003177795582712053,-0.8542794146245472,-0.8542794146245472,0.0002162099251121586,-0.8542794146245472,-0.8542794146245472,0.0002162099251121586,navigate,3.562333976548783
10.919999999999856,5.634707113785551,5.634707113785551,5.000500711218738,2.501290028087747,2.501290028087747,-0.00031355020427018676,-0.8830236779362237,-0.8830236779362237,0.00021146770005092428,-0.8830236779362237,-0.8830236779362237,0.00021146770005092428,navigate,3.5373582950467615
10.939999999999856,5.684369424255788,5.684369424255788,5.0004945229815405,2.4831155235118345,2.4831155235118345,-0.0003094118598888103,-0.9087252287956098,-0.9087252287956098,0.00020691721906882226,-0.9087252287956098,-0.9087252287956098,0.00020691721906882226,navigate,3.5116556639207386
10.959999999999855,5.733659083586011,5.733659083586011,5.000488415764478,2.464482966511155,2.464482966511155,-0.0003053608531377037,-0.9316278500339813,-0.9316278500339813,0.0002025503375553338,-0.9316278500339813,-0.9316278500339813,0.0002025503375553338,navigate,3.4853052488544662
10.979999999999855,5.782567960479494,5.782567960479494,5.000482387891029,2.445443844674146,2.445443844674146,-0.0003013936724287034,-0.95195609185044,-0.95195609185044,0.00019835903545001342,-0.95195609185044,-0.95195609185044,0.00019835903545001342,navigate,3.4583798642930312
10.999999999999854,5.831088870671983,5.831088870671983,5.000476437751762,2.4260455096244153,2.4260455096244153,-0.0002975069633839734,-0.9699167524865415,-0.9699167524865415,0.00019433545223649837,-0.9699167524865415,-0.9699167524865415,0.00019433545223649837,navigate,3.430946475544026
11.019999999999854,5.879215500762829,5.879215500762829,5.00047056380126,2.406331504542316,2.406331504542316,-0.00029369752508263784,-0.9857002541049489,-0.9857002541049489,0.00019047191506677734,-0.9857002541049489,-0.9857002541049489,0.00019047191506677734,navigate,3.403066661963002
11.039999999999853,5.926942338085876,5.926942338085876,5.000464764555143,2.3863418661523625,2.3863418661523625,-0.0002899623058646388,-0.9994819194976875,-0.9994819194976875,0.0001867609608999525,-0.9994819194976875,-0.9994819194976875,0.0001867609608999525,navigate,3.374797044028162
11.059999999999853,5.974264606146804,5.974264606146804,5.000459038587167,2.366113403046399,2.366113403046399,-0.00028629839879438476,-1.0114231552981847,-1.0114231552981847,0.0001831953535127006,-1.0114231552981847,-1.0114231552981847,0.0001831953535127006,navigate,3.346189676948752
11.079999999999853,6.021178205188798,6.021178205188798,5.000453384526429,2.3456799520997507,2.3456799520997507,-0.00028270303687228174,-1.0216725473323978,-1.0216725473323978,0.00017976809610515087,-1.0216725473323978,-1.0216725473323978,0.00017976809610515087,navigate,3.3172924132922597
11.099999999999852,6.067679657481338,6.067679657481338,5.000447801054667,2.3250726146269916,2.3250726146269916,-0.00027917358806949503,-1.0303668736379494,-1.0303668736379494,0.00017647244013933568,-1.0303668736379494,-1.0303668736379494,0.00017647244013933568,navigate,3.2881492369590957
11.119999999999852,6.113766056957669,6.113766056957669,5.000442286903662,2.3043199738165283,2.3043199738165283,-0.00027570755025013195,-1.0376320405231703,-1.0376320405231703,0.00017330189096815364,-1.0376320405231703,-1.0376320405231703,0.00017330189096815364,navigate,3.25880057068153
11.139999999999851,6.159435022855262,6.159435022855262,5.000436840852742,2.283448294879652,2.283448294879652,-0.0002723025460349277,-1.0435839468438015,-1.0435839468438015,0.00017025021076021274,-1.0435839468438015,-1.0435839468438015,0.00017025021076021274,navigate,3.2292835590771922
11.159999999999851,6.204684657040273,6.204684657040273,5.0004314617263885,2.2624817092505505,2.2624817092505505,-0.0002689563176521435,-1.0483292814550778,-1.0483292814550778,0.00016731141913920957,-1.0483292814550778,-1.0483292814550778,0.00016731141913920957,navigate,3.1996323291472235
11.17999999999985,6.24951350472186,6.24951350472186,5.000426148391952,2.2414423840793565,2.2414423840793565,-0.0002656667218138669,-1.0519662585597058,-1.0519662585597058,0.00016447979191383023,-1.0519662585597058,-1.0519662585597058,0.00016447979191383023,navigate,3.1698782299756414
11.19999999999985,6.293920518285277,6.293920518285277,5.000420899757459,2.2203506781708513,2.2203506781708513,-0.00026243172464918363,-1.0545852954252535,-1.0545852954252535,0.0001617498582341619,-1.0545852954252535,-1.0545852954252535,0.0001617498582341619,navigate,3.140050053259968
11.21999999999985,6.337905023994017,6.337905023994017,5.000415714769525,2.199225285436988,2.199225285436988,-0.00025924939672018407,-1.0562696366931523,-1.0562696366931523,0.000159116396449978,-1.0562696366931523,-1.0562696366931523,0.000159116396449978,navigate,3.1101742361837306
11.23999999999985,6.381466691331056,6.381466691331056,5.000410592411362,2.178083366851978,2.178083366851978,-0.0002561179081419262,-1.0570959292504847,-1.0570959292504847,0.00015657442891289347,-1.0570959292504847,-1.0570959292504847,0.00015657442891289347,navigate,3.0802750480291334
11.259999999999849,6.42460550476754,6.42460550476754,5.000405531700886,2.1569406718242146,2.1569406718242146,-0.0002530355238228742,-1.0571347513881784,-1.0571347513881784,0.00015411921595259669,-1.0571347513881784,-1.0571347513881784,0.00015411921595259669,navigate,3.0503747618228756
11.279999999999848,6.467321737764133,6.467321737764133,5.000400531688909,2.135811649829654,2.135811649829654,-0.0002500005988392783,-1.0564510997280179,-1.0564510997280179,0.00015174624917979547,-1.0564510997280179,-1.0564510997280179,0.00015174624917979547,navigate,3.0204938122095926
11.299999999999848,6.509615928825859,6.509615928825859,5.00039559145743,2.1147095530863016,2.1147095530863016,-0.00024701157395318164,-1.0551048371676193,-1.0551048371676193,0.00014945124430483191,-1.0551048371676193,-1.0551048371676193,0.00014945124430483191,navigate,2.9906509406555037
11.319999999999848,6.551488859445637,6.551488859445637,5.000390710118004,2.0936465309889245,2.0936465309889245,-0.0002440669712816659,-1.0531511048688464,-1.0531511048688464,0.0001472301335757856,-1.0531511048688464,-1.0531511048688464,0.0001472301335757856,navigate,2.9608633289992636
11.339999999999847,6.592941533784975,6.592941533784975,5.000385886810202,2.072633716966891,2.072633716966891,-0.0002411653901219428,-1.0506407011016736,-1.0506407011016736,0.000145079057986155,-1.0506407011016736,-1.0506407011016736,0.000145079057986155,navigate,2.931146722287495
11.359999999999847,6.633975159952492,6.633975159952492,5.000381120700143,2.0516813083758296,2.0516813083758296,-0.00023830550293590596,-1.0476204295530733,-1.0476204295530733,0.00014299435930184147,-1.0476204295530733,-1.0476204295530733,0.00014299435930184147,navigate,2.901515541758656
11.379999999999846,6.674591132752201,6.674591132752201,5.000376410979113,2.0307986399854454,2.0307986399854454,-0.00023548605149522136,-1.0441334195192074,-1.0441334195192074,0.0001409725720342301,-1.0441334195192074,-1.0441334195192074,0.0001409725720342301,navigate,2.871982988770503
11.399999999999846,6.714791017783822,6.714791017783822,5.00037175686225,2.0099942515810634,2.0099942515810634,-0.00023270584318711054,-1.040219420219108,-1.040219420219108,0.00013901041540554092,-1.040219420219108,-1.040219420219108,0.00013901041540554092,navigate,2.842561140403113
11.419999999999845,6.754576536786924,6.754576536786924,5.0003671575873,1.98927595015508,1.98927595015508,-0.000229963747480011,-1.035915071299164,-1.035915071299164,0.00013710478535497716,-1.035915071299164,-1.035915071299164,0.00013710478535497716,navigate,2.813261037410876
11.439999999999845,6.79394955412945,6.79394955412945,5.00036261241345,1.968650867126288,1.968650867126288,-0.00022725869254680472,-1.031254151439608,-1.031254151439608,0.00013525274666031364,-1.031254151439608,-1.031254151439608,0.00013525274666031364,navigate,2.7840927651428364
11.459999999999845,6.832912064349245,6.832912064349245,5.000358120620209,1.9481255109897528,1.9481255109897528,-0.0002245896620430579,-1.0262678068267554,-1.0262678068267554,0.00013345152518734046,-1.0262678068267554,-1.0262678068267554,0.00013345152518734046,navigate,2.7550655280008653
11.479999999999844,6.871466180664593,6.871466180664593,5.000353681506368,1.9277058157674065,1.9277058157674065,-0.00022195569203673878,-1.0209847611173197,-1.0209847611173197,0.0001316985003159565,-1.0209847611173197,-1.0209847611173197,0.0001316985003159565,navigate,2.726187717959146
11.499999999999844,6.909614124376584,6.909614124376584,5.000349294389006,1.9073971855995373,1.9073971855995373,-0.0002193558680857701,-1.0154315083934613,-1.0154315083934613,0.00012999119754843406,-1.0154315083934613,-1.0154315083934613,0.00012999119754843406,navigate,2.6974669776260596
11.519999999999843,6.947358215092379,6.947358215092379,5.0003449586025575,1.887204535789763,1.887204535789763,-0.00021678932245898679,-1.0096324904887124,-1.0096324904887124,0.0001283272813391667,-1.0096324904887124,-1.0096324904887124,0.0001283272813391667,navigate,2.668910258290548
11.539999999999843,6.984700861704193,6.984700861704193,5.000340673497927,1.867132330590661,1.867132330590661,-0.00021425523149595275,-1.0036102599551038,-1.0036102599551038,0.0001267045481517015,-1.0036102599551038,-1.0036102599551038,0.0001267045481517015,navigate,2.6405238733590597
11.559999999999842,7.0216445540640695,7.0216445540640695,5.000336438441665,1.8471846179938567,1.8471846179938567,-0.00021175281310081801,-0.9973856298402173,-0.9973856298402173,0.0001251209197567374,-0.9973856298402173,-0.9973856298402173,0.0001251209197567374,navigate,2.6123135475561647
11.579999999999842,7.058191855299407,7.058191855299407,5.000332252815178,1.8273650617668786,1.8273650617668786,-0.00020928132436556367,-0.9909778113489083,-0.9909778113489083,0.0001235744367627168,-0.9909778113489083,-0.9909778113489083,0.0001235744367627168,navigate,2.584284462231511
11.599999999999842,7.0943453947185935,7.0943453947185935,5.000328116013992,1.807676970959323,1.807676970959323,-0.00020684005931751842,-0.9844045403777768,-0.9844045403777768,0.00012206325240226265,-0.9844045403777768,-0.9844045403777768,0.00012206325240226265,navigate,2.5564412970878396
11.619999999999841,7.130107861260248,7.130107861260248,5.000324027447056,1.7881233270827166,1.7881233270827166,-0.00020442834678588938,-0.9776821938303246,-0.9776821938303246,0.00012058562658145213,-0.9776821938303246,-0.9776821938303246,0.00012058562658145213,navigate,2.528788268619118
11.63999999999984,7.165481997443283,7.165481997443283,5.000319986536089,1.7687068091517746,1.7687068091517746,-0.00020204554838286959,-0.9708258965470994,-0.9708258965470994,0.00011913992015099022,-0.9708258965470994,-0.9708258965470994,0.00011913992015099022,navigate,2.5013291655242234
11.65999999999984,7.200470593778472,7.200470593778472,5.000315992714957,1.7494298167594338,1.7494298167594338,-0.00019969105659373932,-0.9638496196170396,-0.9638496196170396,0.00011772458945651366,-0.9638496196170396,-0.9638496196170396,0.00011772458945651366,navigate,2.4740673813399687
11.67999999999984,7.235076483605351,7.235076483605351,5.000312045429098,1.7302944913439584,1.7302944913439584,-0.0001973642929715408,-0.956766270773769,-0.956766270773769,0.0001163381811099266,-0.956766270773769,-0.956766270773769,0.0001163381811099266,navigate,2.4470059445173318
11.69999999999984,7.269302538321221,7.269302538321221,5.000308144134969,1.7113027357934987,1.7113027357934987,-0.00019506470643116693,-0.949587777522982,-0.949587777522982,0.0001149793270186932,-0.949587777522982,-0.949587777522982,0.0001149793270186932,navigate,2.4201475461464876
11.719999999999839,7.303151662971653,7.303151662971653,5.000304288299536,1.6924562325216161,1.6924562325216161,-0.00019279177163855488,-0.9423251635941281,-0.9423251635941281,0.0001136467396306026,-0.9423251635941281,-0.9423251635941281,0.0001136467396306026,navigate,2.393494565519461
11.739999999999839,7.336626792174381,7.336626792174381,5.000300477399787,1.6737564601363968,1.6737564601363968,-0.00019054498748990483,-0.9349886192609661,-0.9349886192609661,0.00011233920743250264,-0.9349886192609661,-0.9349886192609661,0.00011233920743250264,navigate,2.3670490937038116
11.759999999999838,7.3697308863506965,7.3697308863506965,5.000296710922273,1.6552047088157802,1.6552047088157802,-0.0001883238756771915,-0.9275875660308264,-0.9275875660308264,0.0001110555906356669,-0.9275875660308264,-0.9275875660308264,0.0001110555906356669,navigate,2.340812955286634
11.779999999999838,7.402466928240548,7.402466928240548,5.000292988362686,1.636802094492553,1.636802094492553,-0.00018612797933474843,-0.9201307161613654,-0.9201307161613654,0.00010979481712215303,-0.9201307161613654,-0.9201307161613654,0.00010979481712215303,navigate,2.3147877284351672
11.799999999999837,7.4348379196794285,7.4348379196794285,5.000289309225451,1.6185495719440357,1.6185495719440357,-0.0001839568617637913,-0.9126261274258651,-0.9126261274258651,0.00010855587854785613,-0.9126261274258651,-0.9126261274258651,0.00010855587854785613,navigate,2.2889747634084063
11.819999999999837,7.466846878616904,7.466846878616904,5.000285673023346,1.6004479468737653,1.6004479468737653,-0.00018181010523010346,-0.90508125351352,-0.90508125351352,0.00010733782668439212,-0.90508125351352,-0.90508125351352,0.00010733782668439212,navigate,2.2633751996431823
11.839999999999836,7.498496836358211,7.498496836358211,5.00028207927715,1.5824978870653779,1.5824978870653779,-0.000179687309831396,-0.8975029904193794,-0.8975029904193794,0.00010613976993537364,-0.8975029904193794,-0.8975029904193794,0.00010613976993537364,navigate,2.2379899815281346
11.859999999999836,7.529790835011859,7.529790835011859,5.000278527515301,1.5646999326823894,1.5646999326823894,-0.0001775880924307607,-0.8898977191494211,-0.8898977191494211,0.00010496087003176397,-0.8898977191494211,-0.8898977191494211,0.00010496087003176397,navigate,2.212819872969799
11.879999999999836,7.560731925127491,7.560731925127491,5.000275017273588,1.5470545057815996,1.5470545057815996,-0.00017551208565240743,-0.8822713450394908,-0.8822713450394908,0.00010380033891766394,-0.8822713450394908,-0.8822713450394908,0.00010380033891766394,navigate,2.1878654708465946
11.899999999999835,7.5913231635095375,7.5913231635095375,5.000271548094849,1.5295619191023537,1.5295619191023537,-0.00017345893693643954,-0.874629333962301,-0.874629333962301,0.00010265743579839493,-0.874629333962301,-0.874629333962301,0.00010265743579839493,navigate,2.163127217438714
11.919999999999835,7.621567611193315,7.621567611193315,5.000268119528696,1.5122223841888713,1.5122223841888713,-0.00017142830764966887,-0.8669767456741221,-0.8669767456741221,0.00010153146433853389,-0.8669767456741221,-0.8669767456741221,0.00010153146433853389,navigate,2.138605411914833
11.939999999999834,7.65146833157128,7.65146833157128,5.000264731131251,1.4950360188982277,1.4950360188982277,-0.00016941987224904738,-0.859318264532188,-0.859318264532188,0.000100421770031074,-0.859318264532188,-0.859318264532188,0.000100421770031074,navigate,2.1143002209499993
11.959999999999834,7.6810283886581265,7.6810283886581265,5.000261382464902,1.4780028543423311,1.4780028543423311,-0.00016743331749501347,-0.8516582277948301,-0.8516582277948301,9.93277377016954e-05,-0.8516582277948301,-0.8516582277948301,9.93277377016954e-05,navigate,2.0902116885430697
11.979999999999833,7.7102508454842935,7.7102508454842935,5.000258073098068,1.4611228413083501,1.4611228413083501,-0.00016546834171188402,-0.8440006516990477,-0.8440006516990477,9.824878915647313e-05,-0.8440006516990477,-0.8440006516990477,9.824878915647313e-05,navigate,2.066339745096567
11.999999999999833,7.739138762608263,7.739138762608263,5.000254802604986,1.4443958561984662,1.4443958561984662,-0.00016352465409268807,-0.836349255494199,-0.836349255494199,9.718438095979694e-05,-0.836349255494199,-0.836349255494199,9.718438095979694e-05,navigate,2.0426842158167555
12.019999999999833,7.767695196738794,7.767695196738794,5.0002515705655055,1.4278217065265475,1.4278217065265475,-0.00016160197404599833,-0.8287074835959316,-0.8287074835959316,9.613400233448713e-05,-0.8287074835959316,-0.8287074835959316,9.613400233448713e-05,navigate,2.0192448284871163
12.039999999999832,7.795923199458921,7.795923199458921,5.000248376564894,1.4114001360063266,1.4114001360063266,-0.00015970003058226584,-0.8210785260110423,-0.8210785260110423,9.509717318662508e-05,-0.8210785260110423,-0.8210785260110423,9.509717318662508e-05,navigate,1.9960212206641128
12.059999999999832,7.823825816044178,7.823825816044178,5.000245220193659,1.3951308292628932,1.3951308292628932,-0.0001578185617372941,-0.8134653371716688,-0.8134653371716688,9.407344224858609e-05,-0.8134653371716688,-0.8134653371716688,9.407344224858609e-05,navigate,1.9730129463402502
12.079999999999831,7.851406084368114,7.851406084368114,5.0002421010473785,1.3790134161967753,1.3790134161967753,-0.00015595731403108258,-0.8058706533058926,-0.8058706533058926,9.30623853105768e-05,-0.8058706533058926,-0.8058706533058926,9.30623853105768e-05,navigate,1.950219482115817
12.099999999999831,7.878667033888665,7.878667033888665,5.000239018726539,1.3630474760275444,1.3630474760275444,-0.0001541160419596549,-0.7982970084615457,-0.7982970084615457,9.206360357138435e-05,-0.7982970084615457,-0.7982970084615457,9.206360357138435e-05,navigate,1.9276402329174063
12.11999999999983,7.9056116847095,7.9056116847095,5.000235972836388,1.3472325410417352,1.3472325410417352,-0.00015229450751801527,-0.7907467492904579,-0.7907467492904579,9.10767220819813e-05,-0.7907467492904579,-0.7907467492904579,9.10767220819813e-05,navigate,1.9052745372982756
12.13999999999983,7.932243046710858,7.932243046710858,5.000232962986793,1.3315681000679007,1.3315681000679007,-0.00015049247975258245,-0.7832220486917203,-0.7832220486917203,9.010138827164063e-05,-0.7832220486917203,-0.7832220486917203,9.010138827164063e-05,navigate,1.8831216723528155
12.15999999999983,7.958564118744854,7.958564118744854,5.000229988792106,1.3160536016998103,1.3160536016998103,-0.00014870973434133916,-0.7757249184045207,-0.7757249184045207,8.913727056216462e-05,-0.7757249184045207,-0.7757249184045207,8.913727056216462e-05,navigate,1.8611808582748404
12.17999999999983,7.984577887890596,7.984577887890596,5.000227049871042,1.3006884572871347,1.3006884572871347,-0.0001469460531996822,-0.768257220633779,-0.768257220633779,8.818405708284857e-05,-0.768257220633779,-0.768257220633779,8.818405708284857e-05,navigate,1.839451262587056
12.199999999999829,8.010287328764825,8.010287328764825,5.00022414584656,1.2854720437114329,1.2854720437114329,-0.00014520122411120043,-0.7608206787850869,-0.7608206787850869,8.724145442408876e-05,-0.7608206787850869,-0.7608206787850869,8.724145442408876e-05,navigate,1.817932004066899
12.219999999999828,8.035695402884102,8.035695402884102,5.000221276345752,1.2704037059638469,1.2704037059638469,-0.00014347504038114586,-0.7534168873792948,-0.7534168873792948,8.63091865027291e-05,-0.7534168873792948,-0.7534168873792948,8.63091865027291e-05,navigate,1.7966221563919444
12.239999999999828,8.060805058074894,8.060805058074894,5.000218440999742,1.2554827595396194,1.2554827595396194,-0.00014176730051167858,-0.7460473212113756,-0.7460473212113756,8.538699347336392e-05,-0.7460473212113756,-0.7460473212113756,8.538699347336392e-05,navigate,1.7755207515262679
12.259999999999827,8.085619227928161,8.085619227928161,5.000215639443584,1.2407084926633583,1.2407084926633583,-0.0001400778078976439,-0.7387133438130626,-0.7387133438130626,8.447463070173408e-05,-0.7387133438130626,-0.7387133438130626,8.447463070173408e-05,navigate,1.7546267828674442
12.279999999999827,8.110140831295318,8.110140831295318,5.000212871316173,1.2260801683578804,1.2260801683578804,-0.0001384063705413188,-0.7314162152738983,-0.7314162152738983,8.357186781625448e-05,-0.7314162152738983,-0.7314162152738983,8.357186781625448e-05,navigate,1.7339392081723337
12.299999999999827,8.134372771822687,8.134372771822687,5.000210136260158,1.2115970263684595,1.2115970263684595,-0.00013675280078527663,-0.7241570994710443,-0.7241570994710443,8.26784878021092e-05,-0.7241570994710443,-0.7241570994710443,8.26784878021092e-05,navigate,1.7134569522783802
12.319999999999826,8.158317937521755,8.158317937521755,5.000207433921856,1.1972582849533782,1.1972582849533782,-0.00013511691506212626,-0.7169370707540665,-0.7169370707540665,8.179428615751858e-05,-0.7169370707540665,-0.7169370707540665,8.179428615751858e-05,navigate,1.6931789096358334
12.339999999999826,8.181979200372771,8.181979200372771,5.000204763951183,1.1830631425508318,1.1830631425508318,-0.00013349853366020307,-0.709757120127316,-0.709757120127316,8.091907009615978e-05,-0.709757120127316,-0.709757120127316,8.091907009615978e-05,navigate,1.6731039466651072
12.359999999999825,8.2053594159594,8.2053594159594,5.000202126001573,1.169010779331451,1.169010779331451,-0.00013189748050425264,-0.702618160969035,-0.702618160969035,8.00526577975219e-05,-0.702618160969035,-0.702618160969035,8.00526577975219e-05,navigate,1.6532309039523785
12.379999999999825,8.2284614231323,8.2284614231323,5.0001995197299145,1.155100358644985,1.155100358644985,-0.00013031358295004258,-0.6955210343232994,-0.6955210343232994,7.919487771050328e-05,-0.6955210343232994,-0.6955210343232994,7.919487771050328e-05,navigate,1.6335585982955052
12.399999999999824,8.251288043699681,8.251288043699681,5.000196944796483,1.1413310283690266,1.1413310283690266,-0.0001287466715923005,-0.6884665137979218,-0.6884665137979218,7.83455678871038e-05,-0.6884665137979218,-0.6884665137979218,7.83455678871038e-05,navigate,1.614085824611413
12.419999999999824,8.273842082143021,8.273842082143021,5.000194400864881,1.1277019221670481,1.1277019221670481,-0.00012719658008498528,-0.6814553100989162,-0.6814553100989162,7.750457536576084e-05,-0.6814553100989162,-0.6814553100989162,7.750457536576084e-05,navigate,1.5948113577152252
12.439999999999824,8.296126325356271,8.296126325356271,5.000191887601982,1.1142121606624553,1.1142121606624553,-0.00012566314497311327,-0.6744880752296409,-0.6744880752296409,7.66717555936006e-05,-0.6744880752296409,-0.6744880752296409,7.66717555936006e-05,navigate,1.575733953980627
12.459999999999823,8.318143542406968,8.318143542406968,5.000189404677871,1.1008608525348447,1.1008608525348447,-0.0001241462055356818,-0.6675654063805304,-0.6675654063805304,7.584697187157458e-05,-0.6675654063805304,-0.6675654063805304,7.584697187157458e-05,navigate,1.5568523528902058
12.479999999999823,8.339896484317851,8.339896484317851,5.000186951765799,1.0876470955441797,1.0876470955441797,-0.0001226456036386638,-0.6606878495332521,-0.6606878495332521,7.50300948508994e-05,-0.6606878495332521,-0.6606878495332521,7.50300948508994e-05,navigate,1.538165278483858
12.499999999999822,8.361387883867614,8.361387883867614,5.0001845285421265,1.0745699774881534,1.0745699774881534,-0.00012116118359776037,-0.6538559028013188,-0.6538559028013188,7.422100204517166e-05,-0.6538559028013188,-0.6538559028013188,7.422100204517166e-05,navigate,1.5196714407127
12.519999999999822,8.382620455409567,8.382620455409567,5.000182134686286,1.061628577097606,1.061628577097606,-0.00011969279205009975,-0.6470700195273694,-0.6470700195273694,7.341957738303114e-05,-0.6470700195273694,-0.6470700195273694,7.341957738303114e-05,navigate,1.501369536705384
12.539999999999822,8.403596894707057,8.403596894707057,5.000179769880729,1.0488219648744903,1.0488219648744903,-0.00011824027783453577,-0.6403306111557779,-0.6403306111557779,7.26257107781992e-05,-0.6403306111557779,-0.6403306111557779,7.26257107781992e-05,navigate,1.4832582519531574
12.559999999999821,8.424319878784587,8.424319878784587,5.000177433810891,1.036149203876534,1.036149203876534,-0.00011680349187966528,-0.6336380498978119,-0.6336380498978119,7.183929774352396e-05,-0.6336380498978119,-0.6336380498978119,7.183929774352396e-05,navigate,1.4653362614195442
12.57999999999982,8.444792065793635,8.444792065793635,5.000175126165149,1.0236093504524306,1.0236093504524306,-0.00011538228709950374,-0.626992671205171,-0.626992671205171,7.106023900807647e-05,-0.626992671205171,-0.626992671205171,7.106023900807647e-05,navigate,1.4476022305800602
12.59999999999982,8.465016094892258,8.465016094892258,5.000172846634783,1.0112014549311,1.0112014549311,-0.00011397651829615341,-0.620394776066532,-0.620394776066532,7.028844016751664e-05,-0.620394776066532,-0.620394776066532,7.028844016751664e-05,navigate,1.4300548163969775
12.61999999999982,8.484994586137624,8.484994586137624,5.000170594913941,0.9989245622682889,0.9989245622682889,-0.00011258604206883588,-0.6138446331405507,-0.6138446331405507,6.952381136587698e-05,-0.6138446331405507,-0.6138446331405507,6.952381136587698e-05,navigate,1.4126926682337535
12.63999999999982,8.504730140390695,8.504730140390695,5.0001683706996065,0.9867777126535336,0.9867777126535336,-0.00011121071672930148,-0.6073424807377618,-0.6073424807377618,6.876626697672e-05,-0.6073424807377618,-0.6073424807377618,6.876626697672e-05,navigate,1.3955144287134056
12.659999999999819,8.5242253392323,8.5242253392323,5.000166173691562,0.9747599420802768,0.9747599420802768,-0.00010985040222288163,-0.6008885286628395,-0.6008885286628395,6.801572532099217e-05,-0.6008885286628395,-0.6008885286628395,6.801572532099217e-05,navigate,1.3785187345247798
12.679999999999819,8.543482744889936,8.543482744889936,5.000164003592361,0.9628702828817215,0.9628702828817215,-0.00010850496005484276,-0.5944829599277649,-0.5944829599277649,6.727210840194381e-05,-0.5944829599277649,-0.5944829599277649,6.727210840194381e-05,navigate,1.3617042171803608
12.699999999999818,8.562504900174632,8.562504900174632,5.000161860107297,0.9511077642348081,0.9511077642348081,-0.00010717425322205642,-0.5881259323456651,-0.5881259323456651,6.653534163931681e-05,-0.5881259323456651,-0.5881259323456651,6.653534163931681e-05,navigate,1.3450695037290048
12.719999999999818,8.581294328427322,8.581294328427322,5.000159742944374,0.939471412634522,0.939471412634522,-0.00010585814614918305,-0.5818175800143046,-0.5818175800143046,6.580535364366836e-05,-0.5818175800143046,-0.5818175800143046,6.580535364366836e-05,navigate,1.3286132174267107
12.739999999999817,8.599853533474134,8.599853533474134,5.000157651814281,0.9279602523405711,0.9279602523405711,-0.00010455650462938562,-0.5755580146975489,-0.5755580146975489,6.508207598987165e-05,-0.5755580146975489,-0.5755580146975489,6.508207598987165e-05,navigate,1.3123339783683174
12.759999999999817,8.6181849995901,8.6181849995901,5.000155586430366,0.9165733057983223,0.9165733057983223,-0.00010326919576919875,-0.5693473271124432,-0.5693473271124432,6.436544300934397e-05,-0.5693473271124432,-0.5693473271124432,6.436544300934397e-05,navigate,1.296230404082799
12.779999999999816,8.636291191470816,8.636291191470816,5.000153546508607,0.9053095940357427,0.9053095940357427,-0.00010199608793728619,-0.5631855881289762,-0.5631855881289762,6.365539159562791e-05,-0.5631855881289762,-0.5631855881289762,6.365539159562791e-05,navigate,1.280301110094623
12.799999999999816,8.654174554211576,8.654174554211576,5.000151531767593,0.8941681370379615,0.8941681370379615,-0.00010073705071674924,-0.5570728498890593,-0.5570728498890593,6.295186102684732e-05,-0.5570728498890593,-0.5570728498890593,6.295186102684732e-05,navigate,1.2645447104534624
12.819999999999816,8.671837513293594,8.671837513293594,5.000149541928496,0.8831479541009464,0.8831479541009464,-9.949195486104008e-05,-0.5510091468507542,-0.5510091468507542,6.225479278545805e-05,-0.5510091468507542,-0.5510091468507542,6.225479278545805e-05,navigate,1.248959818234367
12.839999999999815,8.689282474576908,8.689282474576908,5.000147576715051,0.8722480641656805,0.8722480641656805,-9.826067225289453e-05,-0.5449944967632978,-0.5449944967632978,6.156413040727733e-05,-0.5449944967632978,-0.5449944967632978,6.156413040727733e-05,navigate,1.2335450460103652
12.859999999999815,8.706511824299591,8.706511824299591,5.000145635853533,0.861467486134119,0.861467486134119,-9.70430758662686e-05,-0.539028901578068,-0.539028901578068,6.087981933129653e-05,-0.539028901578068,-0.539028901578068,6.087981933129653e-05,navigate,1.2182990062992893
12.879999999999814,8.723527929082953,8.723527929082953,5.000143719072739,0.8508052391681143,0.8508052391681143,-9.583903973115646e-05,-0.5331123483002335,-0.5331123483002335,6.020180675560727e-05,-0.5331123483002335,-0.5331123483002335,6.020180675560727e-05,navigate,1.203220311986523
12.899999999999814,8.740333135942402,8.740333135942402,5.0001418261039605,0.8402603429724049,0.8402603429724049,-9.46484389009548e-05,-0.5272448097854701,-0.5272448097854701,5.953004151008363e-05,-0.5272448097854701,-0.5272448097854701,5.953004151008363e-05,navigate,1.1883075767252071
12.919999999999813,8.756929772303655,8.756929772303655,5.000139956680972,0.8298318180626888,0.8298318180626888,-9.34711494221813e-05,-0.5214262454858041,-0.5214262454858041,5.8864473938674585e-05,-0.5214262454858041,-0.5214262454858041,5.8864473938674585e-05,navigate,1.173559415315352
12.939999999999813,8.77332014602405,8.77332014602405,5.000138110540005,0.8195186860197229,0.8195186860197229,-9.23070483065688e-05,-0.5156566021482936,-0.5156566021482936,5.8205055780625564e-05,-0.5156566021482936,-0.5156566021482936,5.8205055780625564e-05,navigate,1.1589744440631888
12.959999999999813,8.789506545418655,8.789506545418655,5.0001362874197355,0.809319969730322,0.809319969730322,-9.1156013505343e-05,-0.5099358144700398,-0.5099358144700398,5.7551740061290155e-05,-0.5099358144700398,-0.5099358144700398,5.7551740061290155e-05,navigate,1.144551281121994
12.979999999999812,8.805491239290976,8.805491239290976,5.000134487061258,0.7992346936160684,0.7992346936160684,-9.00179238853152e-05,-0.5042638057126833,-0.5042638057126833,5.690448100138971e-05,-0.5042638057126833,-0.5042638057126833,5.690448100138971e-05,navigate,1.1302885468155324
12.999999999999812,8.821276476967986,8.821276476967986,5.000132709208074,0.7892618838504808,0.7892618838504808,-8.889265920691903e-05,-0.49864048827937846,-0.49864048827937846,5.6263233919808464e-05,-0.49864048827937846,-0.49864048827937846,5.6263233919808464e-05,navigate,1.116184863945182
13.019999999999811,8.836864488339293,8.836864488339293,5.000130953606072,0.7794005685653421,0.7794005685653421,-8.778010010396498e-05,-0.4930657642569318,-0.4930657642569318,5.5627955147702685e-05,-0.4930657642569318,-0.4930657642569318,5.5627955147702685e-05,navigate,1.102238858081724
13.03999999999981,8.85225748390023,8.85225748390023,5.000129220003511,0.769649778046829,0.769649778046829,-8.668012806495811e-05,-0.48753952592565397,-0.48753952592565397,5.499860195034396e-05,-0.48753952592565397,-0.48753952592565397,5.499860195034396e-05,navigate,1.0884491578427127
13.05999999999981,8.86745765479867,8.86745765479867,5.000127508151002,0.760008544922044,0.760008544922044,-8.55926254160377e-05,-0.4820616562392515,-0.4820616562392515,5.4375132446020324e-05,-0.4820616562392515,-0.4820616562392515,5.4375132446020324e-05,navigate,1.0748143951562719
13.07999999999981,8.8824671728854,8.8824671728854,5.0001258178014965,0.7504759043365061,0.7504759043365061,-8.451747530517136e-05,-0.47663202927689274,-0.47663202927689274,5.375750554331699e-05,-0.47663202927689274,-0.47663202927689274,5.375750554331699e-05,navigate,1.0613332055121034
13.09999999999981,8.897288190767863,8.897288190767863,5.000124148710262,0.7410508941231165,0.7410508941231165,-8.345456168769853e-05,-0.4712505106694781,-0.4712505106694781,5.3145680873642223e-05,-0.4712505106694781,-0.4712505106694781,5.3145680873642223e-05,navigate,1.0480042282004425
13.11999999999981,8.911922841867124,8.911922841867124,5.000122500634876,0.7317325549630783,0.7317325549630783,-8.240376931303414e-05,-0.46591695800190913,-0.46591695800190913,5.253961873321929e-05,-0.46591695800190913,-0.46591695800190913,5.253961873321929e-05,navigate,1.03482610653963
13.139999999999809,8.926373240477908,8.926373240477908,5.000120873335201,0.7225199305392164,0.7225199305392164,-8.13649837126279e-05,-0.4606312211930963,-0.4606312211930963,5.1939280020311834e-05,-0.4606312211930963,-0.4606312211930963,5.1939280020311834e-05,navigate,1.0217974880929432
13.159999999999808,8.94064148183155,8.94064148183155,5.000119266573377,0.7134120676821109,0.7134120676821109,-8.033809118884775e-05,-0.45539314285527854,-0.45539314285527854,5.134462618900786e-05,-0.45539314285527854,-0.45539314285527854,5.134462618900786e-05,navigate,1.0089170248752561
13.179999999999808,8.95472964216174,8.95472964216174,5.000117680113801,0.7044080165094292,0.7044080165094292,-7.93229788048125e-05,-0.45020255863408226,-0.45020255863408226,5.075561920176247e-05,-0.45020255863408226,-0.45020255863408226,5.075561920176247e-05,navigate,0.9961833735500867
13.199999999999807,8.968639778772916,8.968639778772916,5.000116113723114,0.6955068305588153,0.6955068305588153,-7.831953437526952e-05,-0.4450592975306895,-0.4450592975306895,5.01722214771488e-05,-0.4450592975306895,-0.4450592975306895,5.01722214771488e-05,navigate,0.9835951956175298
13.219999999999807,8.982373930111208,8.982373930111208,5.0001145671701845,0.6867075669146679,0.6867075669146679,-7.732764645808011e-05,-0.4399631822073682,-0.4399631822073682,4.959439585947051e-05,-0.4399631822073682,-0.4399631822073682,4.959439585947051e-05,navigate,0.9711511575935495
13.239999999999807,8.995934115837791,8.995934115837791,5.000113040226098,0.6780092863291179,0.6780092863291179,-7.63472043466579e-05,-0.43491402927749745,-0.43491402927749745,4.902210557111073e-05,-0.43491402927749745,-0.43491402927749745,4.902210557111073e-05,navigate,0.9588499311810661
13.259999999999806,9.00932233690454,9.00932233690454,5.000111532664136,0.6694110533374944,0.6694110533374944,-7.537809806302986e-05,-0.4299116495811746,-0.4299116495811746,4.845531418140184e-05,-0.4299116495811746,-0.4299116495811746,4.845531418140184e-05,navigate,0.9466901934332504
13.279999999999806,9.022540575631911,9.022540575631911,5.0001100442597695,0.6609119363685473,0.6609119363685473,-7.442021835161655e-05,-0.4249558484473547,-0.4249558484473547,4.789398557066523e-05,-0.4249558484473547,-0.4249558484473547,4.789398557066523e-05,navigate,0.9346706269094018
13.299999999999805,9.035590795788904,9.035590795788904,5.000108574790636,0.6525110078496775,0.6525110078496775,-7.347345667350822e-05,-0.4200464259434875,-0.4200464259434875,4.733808390541672e-05,-0.4200464259434875,-0.4200464259434875,4.733808390541672e-05,navigate,0.9227899198237661
13.319999999999805,9.048474942675051,9.048474942675051,5.000107124036532,0.6442073443074084,0.6442073443074084,-7.253770520144025e-05,-0.4151831771134523,-0.4151831771134523,4.678757360339849e-05,-0.4151831771134523,-0.4151831771134523,4.678757360339849e-05,navigate,0.9110467661876236
13.339999999999804,9.061194943204319,9.061194943204319,5.000105691779396,0.6360000264633167,0.6360000264633167,-7.16128568151027e-05,-0.41036589220459085,-0.41036589220459085,4.624241931687724e-05,-0.41036589220459085,-0.41036589220459085,4.624241931687724e-05,navigate,0.899439865944956
13.359999999999804,9.073752705990831,9.073752705990831,5.0001042778032945,0.6278881393256255,0.6278881393256255,-7.069880509720084e-05,-0.4055943568845608,-0.4055943568845608,4.570258589509307e-05,-0.4055943568845608,-0.4055943568845608,4.570258589509307e-05,navigate,0.8879679251019786
13.379999999999804,9.086150121436363,9.086150121436363,5.000102881894408,0.6198707722766522,0.6198707722766522,-6.979544432965264e-05,-0.400868352448663,-0.400868352448663,4.5168038377410264e-05,-0.400868352448663,-0.400868352448663,4.5168038377410264e-05,navigate,0.8766296558508105
13.399999999999803,9.09838906181949,9.09838906181949,5.000101503841019,0.6119470191562864,0.6119470191562864,-6.89026694902341e-05,-0.39618765601829486,-0.39618765601829486,4.463874197092706e-05,-0.39618765601829486,-0.39618765601829486,4.463874197092706e-05,navigate,0.8654237766875292
13.419999999999803,9.110471381386322,9.110471381386322,5.000100143433493,0.604115978341665,0.604115978341665,-6.802037624976949e-05,-0.3915520407310715,-0.3915520407310715,4.4114662023230084e-05,-0.3915520407310715,-0.3915520407310715,4.4114662023230084e-05,navigate,0.8543490125248496
13.439999999999802,9.122398916442785,9.122398916442785,5.000098800464274,0.5963767528232021,0.5963767528232021,-6.714846096946612e-05,-0.3869612759231401,-0.3869612759231401,4.359576401516865e-05,-0.3869612759231401,-0.3869612759231401,4.359576401516865e-05,navigate,0.8434040947996454
13.459999999999802,9.134173485448327,9.134173485448327,5.00009747472786,0.5887284502771177,0.5887284502771177,-6.628682069866889e-05,-0.3824151273042183,-0.3824151273042183,4.308201353986114e-05,-0.3824151273042183,-0.3824151273042183,4.308201353986114e-05,navigate,0.8325877615755206
13.479999999999801,9.14579688911102,9.14579688911102,5.000096166020796,0.5811701831346023,0.5811701831346023,-6.543535317281239e-05,-0.37791335712577206,-0.37791335712577206,4.257337629282516e-05,-0.37791335712577206,-0.37791335712577206,4.257337629282516e-05,navigate,0.8218987576406231
13.499999999999801,9.157270910483975,9.157270910483975,5.00009487414166,0.5737010686477472,0.5737010686477472,-6.459395681159688e-05,-0.37345572434275864,-0.37345572434275864,4.206981806077575e-05,-0.37345572434275864,-0.37345572434275864,4.206981806077575e-05,navigate,0.8113358346008843
13.5199999999998,9.168597315063023,9.168597315063023,5.000093598891046,0.5663202289523603,0.5663202289523603,-6.376253071748608e-05,-0.36904198476933897,-0.36904198476933897,4.157130470553999e-05,-0.36904198476933897,-0.36904198476933897,4.157130470553999e-05,navigate,0.8008977509688537
13.5399999999998,9.179777850885579,9.179777850885579,5.000092340071553,0.559026791127782,0.559026791127782,-6.294097467419787e-05,-0.36467189122891813,-0.36467189122891813,4.1077802164410214e-05,-0.36467189122891813,-0.36467189122891813,4.1077802164410214e-05,navigate,0.7905832722482913
13.5599999999998,9.190814248630655,9.190814248630655,5.00009109748777,0.5518198872538056,0.5518198872538056,-6.212918914567685e-05,-0.36034519369882023,-0.36034519369882023,4.0589276426051e-05,-0.36034519369882023,-0.36034519369882023,4.0589276426051e-05,navigate,0.7803911710146659
13.5799999999998,9.20170822171995,9.20170822171995,5.0000898709462644,0.5446986544648066,0.5446986544648066,-6.132707527493557e-05,-0.35606163944994784,-0.35606163944994784,4.010569353706448e-05,-0.35606163944994784,-0.35606163944994784,4.010569353706448e-05,navigate,0.7703202269917049
13.599999999999799,9.212461466419974,9.212461466419974,5.0000886602555665,0.5376622350011733,0.5376622350011733,-6.05345348831826e-05,-0.3518209731816653,-0.3518209731816653,3.962701958764829e-05,-0.3518209731816653,-0.3518209731816653,3.962701958764829e-05,navigate,0.7603692271241279
13.619999999999798,9.223075661945137,9.223075661945137,5.000087465226157,0.5307097762581289,0.5307097762581289,-5.9751470469015557e-05,-0.34762293715222176,-0.34762293715222176,3.91532207083522e-05,-0.34762293715222176,-0.34762293715222176,3.91532207083522e-05,navigate,0.7505369656466926
13.639999999999798,9.233552470561778,9.233552470561778,5.000086285670453,0.5238404308320308,0.5238404308320308,-5.897778520777703e-05,-0.34346727130490545,-0.34346727130490545,3.8684263061926325e-05,-0.34346727130490545,-0.34346727130490545,3.8684263061926325e-05,navigate,0.7408222441496708
13.659999999999798,9.243893537693062,9.243893537693062,5.000085121402794,0.5170533565642269,0.5170533565642269,-5.821338295095854e-05,-0.3393537133901944,-0.3393537133901944,3.822011284092445e-05,-0.3393537133901944,-0.3393537133901944,3.822011284092445e-05,navigate,0.731223871640871
13.679999999999797,9.254100492024712,9.254100492024712,5.0000839722394295,0.510347716582545,0.510347716582545,-5.7458168225608564e-05,-0.3352819990840975,-0.3352819990840975,3.776073626749869e-05,-0.3352819990840975,-0.3352819990840975,3.776073626749869e-05,navigate,0.7217406646043137
13.699999999999797,9.264174945611522,9.264174945611522,5.000082837998505,0.5037226793404872,0.5037226793404872,-5.671204623394965e-05,-0.3312518621028892,-0.3312518621028892,3.730609958294573e-05,-0.3312518621028892,-0.3312518621028892,3.730609958294573e-05,navigate,0.7123714470556598
13.719999999999796,9.274118493984606,9.274118493984606,5.000081718500048,0.4971774186541991,0.4971774186541991,-5.5974922852911924e-05,-0.3272630343144031,-0.3272630343144031,3.685616905188623e-05,-0.3272630343144031,-0.3272630343144031,3.685616905188623e-05,navigate,0.7031150505944938
13.739999999999796,9.28393271625935,9.28393271625935,5.000080613565955,0.490711113737278,0.490711113737278,-5.524670463368165e-05,-0.32331524584605714,-0.32331524584605714,3.641091096151354e-05,-0.32331524584605714,-0.32331524584605714,3.641091096151354e-05,navigate,0.6939703144535492
13.759999999999796,9.29361917524402,9.29361917524402,5.000079523019979,0.4843229492334823,0.4843229492334823,-5.452729880154095e-05,-0.3194082251897852,-0.3194082251897852,3.597029160703503e-05,-0.3194082251897852,-0.3194082251897852,3.597029160703503e-05,navigate,0.6849360855449673
13.779999999999795,9.303179417548968,9.303179417548968,5.000078446687714,0.4780121152474026,0.4780121152474026,-5.381661325538632e-05,-0.31554169930398523,-0.31554169930398523,3.553427730773149e-05,-0.31554169930398523,-0.31554169930398523,3.553427730773149e-05,navigate,0.6760112185036725
13.799999999999795,9.31261497369643,9.31261497369643,5.000077384396582,0.4717778073731499,0.4717778073731499,-5.3114556567451415e-05,-0.31171539371263657,-0.31171539371263657,3.510283439674537e-05,-0.31171539371263657,-0.31171539371263657,3.510283439674537e-05,navigate,0.667194575727943
13.819999999999794,9.321927358230852,9.321927358230852,5.000076335975822,0.46561922672111583,0.46561922672111583,-5.242103798294164e-05,-0.30792903260170357,-0.30792903260170357,3.467592922548872e-05,-0.30792903260170357,-0.30792903260170357,3.467592922548872e-05,navigate,0.6584850274172565
13.839999999999794,9.331118069829708,9.331118069829708,5.000075301256474,0.45953557994285676,0.45953557994285676,-5.173596741975055e-05,-0.3041823389129544,-0.3041823389129544,3.42535281595547e-05,-0.3041823389129544,-0.3041823389129544,3.42535281595547e-05,navigate,0.6498814516074802
13.859999999999793,9.34018859141479,9.34018859141479,5.000074280071365,0.45352607925415134,0.45352607925415134,-5.105925546810797e-05,-0.3004750344352702,-0.3004750344352702,3.383559758212887e-05,-0.3004750344352702,-0.3004750344352702,3.383559758212887e-05,navigate,0.641382734203481
13.879999999999793,9.349140390263916,9.349140390263916,5.000073272255097,0.4475899424562799,0.4475899424562799,-5.039081339018786e-05,-0.2968068398935717,-0.2968068398935717,3.342210389600536e-05,-0.2968068398935717,-0.2968068398935717,3.342210389600536e-05,navigate,0.6329877690092172
13.899999999999793,9.357974918123027,9.357974918123027,5.000072277644035,0.441726392955571,0.441726392955571,-4.97305531196682e-05,-0.29317747503544744,-0.29317747503544744,3.301301352598333e-05,-0.29317747503544744,-0.29317747503544744,3.301301352598333e-05,navigate,0.6246954577553826
13.919999999999792,9.366693611318652,9.366693611318652,5.00007129607629,0.4359346597812599,0.4359346597812599,-4.907838726141302e-05,-0.28958665871555384,-0.28958665871555384,3.260829291275881e-05,-0.28958665871555384,-0.28958665871555384,3.260829291275881e-05,navigate,0.6165047101246621
13.939999999999792,9.375297890870687,9.375297890870687,5.000070327391708,0.4302139776017021,0.4302139776017021,-4.84342290908782e-05,-0.2860341089778881,-0.2860341089778881,3.220790852674096e-05,-0.2860341089778881,-0.2860341089778881,3.220790852674096e-05,navigate,0.6084144437746611
13.959999999999791,9.383789162605467,9.383789162605467,5.000069371431858,0.4245635867389822,0.4245635867389822,-4.779799255376661e-05,-0.28251954313599426,-0.28251954313599426,3.181182685557948e-05,-0.28251954313599426,-0.28251954313599426,3.181182685557948e-05,navigate,0.6004235843585648
13.97999999999979,9.392168817269106,9.392168817269106,5.000068428040012,0.4189827331819589,0.4189827331819589,-4.716959226528556e-05,-0.27904267785116654,-0.27904267785116654,3.1420014424052536e-05,-0.27904267785116654,-0.27904267785116654,3.1420014424052536e-05,navigate,0.5925310655435878
13.99999999999979,9.400438230641061,9.400438230641061,5.000067497061142,0.4134706685977842,0.4134706685977842,-4.6548943509674614e-05,-0.27560322920873437,-0.27560322920873437,3.103243778054703e-05,-0.27560322920873437,-0.27560322920873437,3.103243778054703e-05,navigate,0.5847358290272638
14.01999999999979,9.4085987636479,9.4085987636479,5.000066578341897,0.40802665034193486,0.40802665034193486,-4.593596223953437e-05,-0.27220091279246544,-0.27220091279246544,3.0649063507012275e-05,-0.27220091279246544,-0.27220091279246544,3.0649063507012275e-05,navigate,0.5770368245516327
14.03999999999979,9.416651762477235,9.416651762477235,5.000065671730596,0.4026499414667919,0.4026499414667919,-4.533056507509123e-05,-0.26883544375714696,-0.26883544375714696,3.0269858222156933e-05,-0.26883544375714696,-0.26883544375714696,3.0269858222156933e-05,navigate,0.5694330099153736
14.059999999999789,9.42459855869181,9.42459855869181,5.00006477707721,0.3973398107288037,0.3973398107288037,-4.473266930342676e-05,-0.26550653689941006,-0.26550653689941006,2.989478858322357e-05,-0.26550653689941006,-0.26550653689941006,2.989478858322357e-05,navigate,0.5619233509839352
14.079999999999789,9.432440469343696,9.432440469343696,5.000063894233352,0.39209553259426694,0.39209553259426694,-4.414219287769998e-05,-0.26221390672683936,-0.26221390672683936,2.952382128633894e-05,-0.26221390672683936,-0.26221390672683936,2.952382128633894e-05,navigate,0.5545068216977108
14.099999999999788,9.44017879708857,9.44017879708857,5.000063023052264,0.386916387243759,0.386916387243759,-4.355905441621358e-05,-0.2589572675253983,-0.2589572675253983,2.9156923074319997e-05,-0.2589572675253983,-0.2589572675253983,2.9156923074319997e-05,navigate,0.5471824040783074
14.119999999999788,9.447814830300075,9.447814830300075,5.0000621633888,0.3818016605752544,0.3818016605752544,-4.2983173201423796e-05,-0.25573633342523105,-0.25573633342523105,2.8794060739489206e-05,-0.25573633342523105,-0.25573633342523105,2.8794060739489206e-05,navigate,0.5399490882329525
14.139999999999787,9.455349843184194,9.455349843184194,5.000061315099416,0.3767506442059567,0.3767506442059567,-4.2414469178958235e-05,-0.2525508184648841,-0.2525508184648841,2.8435201123277925e-05,-0.2525508184648841,-0.2525508184648841,2.8435201123277925e-05,navigate,0.5328058723570847
14.159999999999787,9.462785095893652,9.462785095893652,5.000060478042157,0.37176263547287747,0.37176263547287747,-4.18528629565993e-05,-0.24940043665396242,-0.24940043665396242,2.808031111794684e-05,-0.24940043665396242,-0.24940043665396242,2.808031111794684e-05,navigate,0.5257517627351727
14.179999999999787,9.470121834642296,9.470121834642296,5.000059652076641,0.3668369374321921,0.3668369374321921,-4.129827580297779e-05,-0.24628490203426978,-0.24628490203426978,2.772935768107543e-05,-0.24628490203426978,-0.24628490203426978,2.772935768107543e-05,navigate,0.5187857737398045
14.199999999999786,9.477361291819443,9.477361291819443,5.000058837064048,0.3619728588574026,0.3619728588574026,-4.075062964646779e-05,-0.24320392873947336,-0.24320392873947336,2.7382307825500058e-05,-0.24320392873947336,-0.24320392873947336,2.7382307825500058e-05,navigate,0.5119069278290889
14.219999999999786,9.48450468610417,9.48450468610417,5.000058032867107,0.35716971423633626,0.35716971423633626,-4.020984707388515e-05,-0.24015723105331643,-0.24015723105331643,2.7039128629132193e-05,-0.24015723105331643,-0.24015723105331643,2.7039128629132193e-05,navigate,0.5051142555424109
14.239999999999785,9.49155322257951,9.49155322257951,5.000057239350081,0.35242682376700835,0.35242682376700835,-3.967585132905437e-05,-0.23714452346639558,-0.23714452346639558,2.6699787241539203e-05,-0.23714452346639558,-0.23714452346639558,2.6699787241539203e-05,navigate,0.498406795494581
14.259999999999785,9.498508092846558,9.498508092846558,5.000056456378755,0.34774351335237724,0.34774351335237724,-3.9148566311415194e-05,-0.23416552073155417,-0.23416552073155417,2.6364250881958783e-05,-0.23416552073155417,-0.23416552073155417,2.6364250881958783e-05,navigate,0.49178359436841745
14.279999999999784,9.505370475138438,9.505370475138438,5.000055683820424,0.34311911459401906,0.34311911459401906,-3.8627916574520405e-05,-0.23121993791790998,-0.23121993791790998,2.6032486844739338e-05,-0.23121993791790998,-0.23121993791790998,2.6032486844739338e-05,navigate,0.4852437069058012
14.299999999999784,9.512141534434132,9.512141534434132,5.000054921543877,0.3385529647847485,0.3385529647847485,-3.8113827324418614e-05,-0.22830749046352666,-0.22830749046352666,2.570446250508952e-05,-0.22830749046352666,-0.22830749046352666,2.570446250508952e-05,navigate,0.47878619589723986
14.319999999999784,9.518822422572136,9.518822422572136,5.000054169419389,0.33404440690021275,0.33404440690021275,-3.7606224418022535e-05,-0.22542789422678644,-0.22542789422678644,2.5380145319804016e-05,-0.22542789422678644,-0.22542789422678644,2.5380145319804016e-05,navigate,0.47241013216997996
14.339999999999783,9.525414278363925,9.525414278363925,5.000053427318702,0.3295927895894837,0.3295927895894837,-3.710503436142109e-05,-0.22258086553645315,-0.22258086553645315,2.5059502830072263e-05,-0.22258086553645315,-0.22258086553645315,2.5059502830072263e-05,navigate,0.4661145945747021
14.359999999999783,9.53191822770722,9.53191822770722,5.0000526951150155,0.3251974671646743,0.3251974671646743,-3.66101843080938e-05,-0.2197661212404683,-0.2197661212404683,2.4742502666364256e-05,-0.2197661212404683,-0.2197661212404683,2.4742502666364256e-05,navigate,0.4598986699708365
14.379999999999782,9.538335383699012,9.538335383699012,5.000051972682974,0.3208577995896045,0.3208577995896045,-3.6121602057021576e-05,-0.21698337875349072,-0.21698337875349072,2.4429112553611325e-05,-0.21698337875349072,-0.21698337875349072,2.4429112553611325e-05,navigate,0.45376145321053407
14.399999999999782,9.544666846748363,9.544666846748363,5.000051259898653,0.31657315246754025,0.31657315246754025,-3.5639216050723544e-05,-0.21423235610321123,-0.21423235610321123,2.4119300314901674e-05,-0.21423235610321123,-0.21423235610321123,2.4119300314901674e-05,navigate,0.4477020471213268
14.419999999999781,9.550913704688924,9.550913704688924,5.000050556639545,0.31234289702803114,0.31234289702803114,-3.5162955373320826e-05,-0.2115127719754544,-0.2115127719754544,2.381303387013578e-05,-0.2115127719754544,-0.2115127719754544,2.381303387013578e-05,navigate,0.44171956248751304
14.439999999999781,9.557077032891181,9.557077032891181,5.00004986278455,0.3081664101128694,0.3081664101128694,-3.469274974847929e-05,-0.20882434575808673,-0.20882434575808673,2.3510281242076774e-05,-0.20882434575808673,-0.20882434575808673,2.3510281242076774e-05,navigate,0.43581311803030126
14.45999999999978,9.563157894374404,9.563157894374404,5.00004917821396,0.3040430741611943,0.3040430741611943,-3.422852953722569e-05,-0.2061667975837541,-0.2061667975837541,2.3211010562679903e-05,-0.2061667975837541,-0.2061667975837541,2.3211010562679903e-05,navigate,0.4299818403867438
14.47999999999978,9.569157339918279,9.569157339918279,5.000048502809445,0.2999722771937652,0.2999722771937652,-3.3770225735773854e-05,-0.20353984837145594,-0.20353984837145594,2.29151900725918e-05,-0.20353984837145594,-0.20353984837145594,2.29151900725918e-05,navigate,0.4242248640874959
14.49999999999978,9.575076408174208,9.575076408174208,5.000047836454046,0.2959534127964254,0.2959534127964254,-3.331776997324873e-05,-0.2009432198669903,-0.2009432198669903,2.262278812625643e-05,-0.2009432198669903,-0.2009432198669903,2.262278812625643e-05,navigate,0.41854133153343
14.51999999999978,9.580916125776264,9.580916125776264,5.000047179032156,0.2919858801027799,0.2919858801027799,-3.2871094509338456e-05,-0.19837663468227346,-0.19837663468227346,2.233377319551352e-05,-0.19837663468227346,-0.19837663468227346,2.233377319551352e-05,navigate,0.4129303929711384
14.539999999999779,9.586677507451787,9.586677507451787,5.000046530429511,0.288069083776109,0.288069083776109,-3.243013223197577e-05,-0.19583981633354478,-0.19583981633354478,2.2048113868134387e-05,-0.19583981633354478,-0.19583981633354478,2.2048113868134387e-05,navigate,0.40739120646735527
14.559999999999778,9.592361556131598,9.592361556131598,5.000045890533178,0.2842024339905389,0.2842024339905389,-3.199481665479458e-05,-0.1933324892785054,-0.1933324892785054,2.1765778859059264e-05,-0.1933324892785054,-0.1933324892785054,2.1765778859059264e-05,navigate,0.4019229378823278
14.579999999999778,9.597969263059827,9.597969263059827,5.000045259231539,0.2803853464114917,0.2803853464114917,-3.156508191467658e-05,-0.1908543789523608,-0.1908543789523608,2.1486737005899998e-05,-0.1908543789523608,-0.1908543789523608,2.1486737005899998e-05,navigate,0.3965247608421683
14.599999999999778,9.603501607903336,9.603501607903336,5.000044636414284,0.27661724217543526,0.27661724217543526,-3.114086276909827e-05,-0.1884052118028219,-0.1884052118028219,2.121095727891569e-05,-0.1884052118028219,-0.1884052118028219,2.121095727891569e-05,navigate,0.39119585671021634
14.619999999999777,9.608959558860715,9.608959558860715,5.000044021972392,0.2728975478689541,0.2728975478689541,-3.0722094593628844e-05,-0.18598471532405952,-0.18598471532405952,2.0938408773471227e-05,-0.18598471532405952,-0.18598471532405952,2.0938408773471227e-05,navigate,0.38593541455744024
14.639999999999777,9.614344072770859,9.614344072770859,5.000043415798125,0.2692256955071617,0.2692256955071617,-3.030871337911194e-05,-0.1835926180896199,-0.1835926180896199,2.0669060725845222e-05,-0.1835926180896199,-0.1835926180896199,2.0669060725845222e-05,navigate,0.38074263113190776
14.659999999999776,9.619656095221089,9.619656095221089,5.00004281778501,0.2656011225114746,0.2656011225114746,-2.990065572898834e-05,-0.1812286497843547,-0.1812286497843547,2.0402882506179965e-05,-0.1812286497843547,-0.1812286497843547,2.0402882506179965e-05,navigate,0.3756167108273538
14.679999999999776,9.624896560654824,9.624896560654824,5.000042227827833,0.2620232716867682,0.2620232716867682,-2.9497858856434985e-05,-0.17889254123532006,-0.17889254123532006,2.0139843627667603e-05,-0.17889254123532006,-0.17889254123532006,2.0139843627667603e-05,navigate,0.37055686565087353
14.699999999999775,9.630066392478783,9.630066392478783,5.000041645822621,0.2584915911979338,0.2584915911979338,-2.9100260581564294e-05,-0.1765840244417194,-0.1765840244417194,1.9879913743534494e-05,-0.1765840244417194,-0.1765840244417194,1.9879913743534494e-05,navigate,0.36556231518976984
14.719999999999775,9.6351665031697,9.6351665031697,5.000041071666634,0.2550055345458563,0.2550055345458563,-2.8707799328430324e-05,-0.17430283260387483,-0.17430283260387483,1.9623062656698526e-05,-0.17430283260387483,-0.17430283260387483,1.9623062656698526e-05,navigate,0.3606322865775797
14.739999999999775,9.640197794380557,9.640197794380557,5.000040505258352,0.25156456054283194,0.25156456054283194,-2.8320414122157034e-05,-0.17204870015121723,-0.17204870015121723,1.9369260313664447e-05,-0.17204870015121723,-0.17204870015121723,1.9369260313664447e-05,navigate,0.3557660144593102
14.759999999999774,9.645161157046305,9.645161157046305,5.00003994649746,0.2481681332874444,0.2481681332874444,-2.793804458597082e-05,-0.1698213627693781,-0.1698213627693781,1.9118476809310807e-05,-0.1698213627693781,-0.1698213627693781,1.9118476809310807e-05,navigate,0.3509627409559081
14.779999999999774,9.650057471489083,9.650057471489083,5.000039395284841,0.24481572213891814,0.24481572213891814,-2.7560630937955216e-05,-0.16762055742631207,-0.16762055742631207,1.887068240078025e-05,-0.16762055742631207,-0.16762055742631207,1.887068240078025e-05,navigate,0.34622171562798937
14.799999999999773,9.650150541048333,9.654913017223857,5.000038848661944,0.004653477962520913,0.2427772867387315,-2.7331144865580584e-05,-12.008112208819862,-0.10192177000933217,1.147430361873154e-05,-12.008112208819862,-0.10192177000933217,1.147430361873154e-05,navigate,0.2428218823754552
14.819999999999773,9.645443729129392,9.659726560352821,5.000038306767677,-0.2353405959471199,0.2406771564482169,-2.709471336952647e-05,-11.99970369548204,-0.10500651452572997,1.1821574802705712e-05,-11.99970369548204,-0.10500651452572997,1.1821574802705712e-05,navigate,0.336616533270231
14.839999999999772,9.635940270266588,9.664494803324589,5.000037769973268,-0.47517294314025227,0.23841214858836826,-2.68397204505671e-05,-11.991617359656619,-0.11325039299243231,1.2749645947968535e-05,-11.991617359656619,-0.11325039299243231,1.2749645947968535e-05,navigate,0.5316292685767613
14.859999999999772,9.621647122765765,9.669213428154238,5.000037238764823,-0.7146573750411009,0.23593124148245773,-2.656042224409425e-05,-11.974221595042433,-0.1240453552955268,1.3964910323642488e-05,-11.974221595042433,-0.1240453552955268,1.3964910323642488e-05,navigate,0.7525946552517806
14.879999999999772,9.60257571995942,9.673877879948487,5.000036713655118,-0.9535701403172891,0.23322258971244322,-2.625548523286774e-05,-11.945638263809409,-0.1354325885007251,1.524685056132554e-05,-11.945638263809409,-0.1354325885007251,1.524685056132554e-05,navigate,0.981676519809995
14.899999999999771,9.57874201751173,9.678483555541861,5.000036195162363,-1.1916851223844585,0.2302837796687556,-2.5924637704661166e-05,-11.905749103358465,-0.14694050218438146,1.6542376410328733e-05,-11.905749103358465,-0.14694050218438146,1.6542376410328733e-05,navigate,1.2137314574332645
14.91999999999977,9.550166454239776,9.683025860130183,5.000035683803829,-1.4287781635977466,0.22711522941609588,-2.556792672873053e-05,-11.85465206066441,-0.158427512632986,1.7835548796531823e-05,-11.85465206066441,-0.158427512632986,1.7835548796531823e-05,navigate,1.4467164092731493
14.93999999999977,9.516873885166202,9.687500230717706,5.000035180093202,-1.664628453678697,0.22371852937619893,-2.5185531354729104e-05,-11.792514504047523,-0.16983500199484763,1.911976870007128e-05,-11.792514504047523,-0.16983500199484763,1.911976870007128e-05,navigate,1.679594555188034
14.95999999999977,9.47889349562166,9.69190214788232,5.000034684539265,-1.8990194772270996,0.22009585823066546,-2.4777696856694755e-05,-11.719551177420124,-0.18113355727667396,2.0391724901717386e-05,-11.719551177420124,-0.18113355727667396,2.0391724901717386e-05,navigate,1.9117314566413648
14.97999999999977,9.436258698861018,9.696227141887494,5.000034197645206,-2.13173983803216,0.21624970025872994,-2.434470291182414e-05,-11.636018040253017,-0.19230789859677627,2.1649697243530723e-05,-11.636018040253017,-0.19230789859677627,2.1649697243530723e-05,navigate,2.1426802539128498
14.999999999999769,9.389242036388827,9.70047387044029,5.000033719562133,-2.3508331236094877,0.21233642763980118,-2.3904153687812687e-05,-10.954664278866385,-0.19566363094643832,2.2027461200572637e-05,-10.954664278866385,-0.19566363094643832,2.2027461200572637e-05,navigate,2.360403171946221
15.019999999999769,9.338227103219047,9.704642900914944,5.000033250226162,-2.5507466584890084,0.2084515237327621,-2.3466798534598073e-05,-9.99567674397604,-0.1942451953519543,2.1867757660730676e-05,-9.99567674397604,-0.1942451953519543,2.1867757660730676e-05,navigate,2.559249998356949
15.039999999999768,9.283573753623838,9.708735045753171,5.000032789545824,-2.7326674797604458,0.20460724191132984,-2.303401687542352e-05,-9.096041063571866,-0.19221409107161316,2.1639082958727575e-05,-9.096041063571866,-0.19221409107161316,2.1639082958727575e-05,navigate,2.740316711424691
15.059999999999768,9.225618814471856,9.712751324870348,5.000032337406294,-2.8977469575990593,0.20081395585883366,-2.2606976524364087e-05,-8.25397389193068,-0.18966430262480943,2.135201755297167e-05,-8.25397389193068,-0.18966430262480943,2.135201755297167e-05,navigate,2.904696830248099
15.079999999999767,9.16467690906504,9.716692931242985,5.000031893673262,-3.0470952703408014,0.1970803186317959,-2.2186651593311754e-05,-7.467415637087099,-0.18668186135188808,2.101624655261657e-05,-7.467415637087099,-0.18668186135188808,2.101624655261657e-05,navigate,3.0534620087725903
15.099999999999767,9.101041363095254,9.720561199733917,5.000031458196448,-3.1817772984893544,0.1934134245466128,-2.1773840716777577e-05,-6.734101407427647,-0.18334470425915428,2.0640543826708935e-05,-6.734101407427647,-0.18334470425915428,2.0640543826708935e-05,navigate,3.187650471813239
15.119999999999767,9.034985168009145,9.724357579094937,5.000031030812749,-3.302809754305441,0.1898189680509712,-2.13691849372322e-05,-6.051622790804343,-0.17972282478208035,2.023278897726889e-05,-6.051622790804343,-0.17972282478208035,2.023278897726889e-05,navigate,3.3082598921825572
15.139999999999766,8.966761980566323,9.728083607018258,5.000030611349051,-3.41115937214107,0.18630139616604874,-2.0973184866651034e-05,-5.417480891781445,-0.17587859424612384,1.9800003529058302e-05,-5.417480891781445,-0.17587859424612384,1.9800003529058302e-05,navigate,3.4162430347970196
15.159999999999766,8.896607140637872,9.731740888067451,5.000030199624713,-3.507741996422529,0.18286405245964457,-2.0586216894602345e-05,-4.829131214072952,-0.17186718532020842,1.9348398602434535e-05,-4.829131214072952,-0.17186718532020842,1.9348398602434535e-05,navigate,3.512505256305258
15.179999999999765,8.824738692279912,9.735331074294928,5.000029795453747,-3.5934224178980734,0.17950931137386386,-2.0208548310391198e-05,-4.284021073777208,-0.16773705428903615,1.8883429210557265e-05,-4.284021073777208,-0.16773705428903615,1.8883429210557265e-05,navigate,3.5979033153672626
15.199999999999765,8.751358395810419,9.738855848341185,5.0000293986467215,-3.669014823474664,0.17623870231283364,-1.9840351272617354e-05,-3.7796202788295132,-0.16353045305151126,1.8409851888692126e-05,-3.7796202788295132,-0.16353045305151126,1.8409851888692126e-05,navigate,3.6732451395820793
15.219999999999764,8.676652721011838,9.742316908807263,5.000029009012409,-3.735283739929088,0.17305302330393416,-1.948171560462408e-05,-3.3134458227212242,-0.1592839504449745,1.793178339966373e-05,-3.3134458227212242,-0.1592839504449745,1.793178339966373e-05,navigate,3.7392903025885547
15.239999999999764,8.600793813682992,9.745715957693996,5.0000286263592,-3.7929453664422583,0.16995244433662018,-1.9132660428176142e-05,-2.8830813256585115,-0.1550289483656987,1.7452758822396867e-05,-2.8830813256585115,-0.1550289483656987,1.7452758822396867e-05,navigate,3.7967510303571195
15.259999999999764,8.523940429585345,9.749054689707776,5.000028250496307,-3.8426692048823643,0.1669366006890034,-1.879314466983373e-05,-2.4861919220052897,-0.15079218238083955,1.6975787917120484e-05,-2.4861919220052897,-0.15079218238083955,1.6975787917120484e-05,navigate,3.846293598667949
15.279999999999763,8.446238831389445,9.75233478324168,5.000027881234777,-3.885079909794938,0.1640046766952351,-1.8463076491123503e-05,-2.120535245628664,-0.1465961996884147,1.650340893551137e-05,-2.120535245628664,-0.1465961996884147,1.650340893551137e-05,navigate,3.8885400139140955
15.299999999999763,8.367823645549608,9.755557892851707,5.000027518388343,-3.920759291991887,0.1611554805013045,-1.814232170440558e-05,-1.7839691098474713,-0.14245980969653083,1.603773933589608e-05,-1.7839691098474713,-0.14245980969653083,1.603773933589608e-05,navigate,3.924069891702424
15.319999999999762,8.288818677141732,9.758725643059993,5.000027161774118,-3.9502484203938035,0.1583875104143089,-1.7830711242075947e-05,-1.474456420095823,-0.13839850434977996,1.558052311648168e-05,-1.474456420095823,-0.13839850434977996,1.558052311648168e-05,navigate,3.95342246497853
15.339999999999762,8.209337681614592,9.761839623329577,5.0000268112131625,-3.974049776357045,0.15569901347921966,-1.752804775107039e-05,-1.1900677981620709,-0.13442484675446195,1.5133174550277876e-05,-1.1900677981620709,-0.13442484675446195,1.5133174550277876e-05,navigate,3.977098667127723
15.359999999999761,8.129485093151805,9.764901384068066,5.000026466530935,-3.9926294231393378,0.1530880369245286,-1.7234111384285487e-05,-0.9289823391146443,-0.13054882773455245,1.4696818339245093e-05,-0.9289823391146443,-0.13054882773455245,1.4696818339245093e-05,navigate,3.9955632466354953
15.379999999999761,8.049356709942113,9.767912433530254,5.000026127557637,-4.006419160484595,0.1505524731094185,-1.6948664860696094e-05,-0.6894868672628265,-0.1267781907555051,1.4272326179469661e-05,-0.6894868672628265,-0.1267781907555051,1.4272326179469661e-05,navigate,4.0092468790216325
15.39999999999976,7.969040337129756,9.770874235501948,5.00002579412848,-4.015818640617907,0.14809009858466318,-1.6671457862536998e-05,-0.46997400666561195,-0.12311872623776572,1.3860349907954807e-05,-0.46997400666561195,-0.12311872623776572,1.3860349907954807e-05,navigate,4.018548249294887
15.41999999999976,7.8886163885832685,9.773788207658965,5.000025466083864,-4.021197427324362,0.14569860785084823,-1.640223083576071e-05,-0.26893933532275316,-0.11957453669074726,1.346135133881445e-05,-0.26893933532275316,-0.11957453669074726,1.346135133881445e-05,navigate,4.023836084399907
15.43999999999976,7.808158448896592,9.776655720506236,5.000025143269498,-4.022896984333859,0.1433756423634961,-1.6140718255227275e-05,-0.0849778504748866,-0.11614827436760686,1.307562902667178e-05,-0.0849778504748866,-0.11614827436760686,1.307562902667178e-05,navigate,4.02545112026542
15.45999999999976,7.727733797235756,9.779478096812186,5.00002482553647,-4.021232583041755,0.14111881529746012,-1.5886651412529593e-05,0.08322006460523546,-0.11284135330179909,1.2703342134884077e-05,0.08322006460523546,-0.11284135330179909,1.2703342134884077e-05,navigate,4.0237079922877115
15.479999999999759,7.64740389478072,9.78225661146307,5.000024512741255,-4.016495122751796,0.13892573254420135,-1.5639760779954324e-05,0.2368730144979161,-0.10965413766293869,1.2344531628763472e-05,0.2368730144979161,-0.10965413766293869,1.2344531628763472e-05,navigate,4.018897041539694
15.499999999999758,7.56722483759636,9.784992491670602,5.000024204745695,-4.008952859218027,0.13679401037655317,-1.5399777998886244e-05,0.37711317668842703,-0.10658610838240863,1.199913905340403e-05,0.37711317668842703,-0.10658610838240863,1.199913905340403e-05,navigate,4.011286031803821
15.519999999999758,7.487247776809081,9.787686917474147,5.000023901416944,-3.998853039363937,0.1347212901772546,-1.5166437538002826e-05,0.5049909927045022,-0.10363600996492943,1.1667023044170927e-05,0.5049909927045022,-0.10363600996492943,1.1667023044170927e-05,navigate,4.001121774788571
15.539999999999758,7.407519307974264,9.790341022485958,5.000023602627383,-3.9864234417408677,0.13270525059056923,-1.493947806114033e-05,0.6214798811534683,-0.10080197933426782,1.1347973843124798e-05,0.6214798811534683,-0.10080197933426782,1.1347973843124798e-05,navigate,3.9886316626906777
15.559999999999757,7.328081831501929,9.792955894834382,5.000023308254512,-3.9718738236167375,0.13074361742116938,-1.4718643541762252e-05,0.7274809062065068,-0.09808165846999226,1.1041725968903944e-05,0.7274809062065068,-0.09808165846999226,1.1041725968903944e-05,navigate,3.974025108683242
15.579999999999757,7.2489738859695985,9.79553257826581,5.000023018180829,-3.9553972766164938,0.12883417157144864,-1.450368415632402e-05,0.8238273500121873,-0.09547229248603671,1.0747969271911652e-05,0.8238273500121873,-0.09547229248603671,1.0747969271911652e-05,navigate,3.9574948970074533
15.599999999999756,7.17023045609727,9.798072073371364,5.000022732293689,-3.9371714936164293,0.12697475527770644,-1.4294356986460684e-05,0.9112891500032261,-0.09297081468710938,1.0466358493166757e-05,0.9112891500032261,-0.09297081468710938,1.0466358493166757e-05,navigate,3.9392184451776706
15.619999999999756,7.091883257093906,9.80057533890891,5.000022450485158,-3.917359950168207,0.12516327687728873,-1.4090426555570939e-05,0.9905771724111179,-0.09057392002088582,1.0196521544487206e-05,0.9905771724111179,-0.09057392002088582,1.0196521544487206e-05,navigate,3.919358981422735
15.639999999999755,7.013960997011269,9.803043293195165,5.000022172651853,-3.8961130041318737,0.12339771431277552,-1.3891665223257223e-05,1.0623473018166594,-0.08827812822566092,9.938066615685814e-06,1.0623473018166594,-0.08827812822566092,9.938066615685814e-06,navigate,3.8980666409203533
15.659999999999755,6.9364896186620335,9.805476815546276,5.000021898694784,-3.8735689174617685,0.12167611755561775,-1.3697853458182359e-05,1.127204333505264,-0.08607983785788885,9.690588253743199e-06,1.127204333505264,-0.08607983785788885,9.690588253743199e-06,navigate,3.875479484669862
15.679999999999755,6.859492522577198,9.80787674774848,5.000021628519184,-3.84985480424177,0.1199966101101513,-1.3508780007333493e-05,1.185705660999916,-0.08397537227332233,9.453672542443292e-06,1.185705660999916,-0.08397537227332233,9.453672542443292e-06,navigate,3.8517244450198995
15.699999999999754,6.78299077239461,9.810243895543271,5.000021362034344,-3.8250875091293834,0.11835738973953991,-1.332424197780077e-05,1.2383647556193331,-0.08196101853056928,9.226901476636235e-06,1.2383647556193331,-0.08196101853056928,9.226901476636235e-06,navigate,3.826918201945414
15.719999999999754,6.707003283987397,9.812579030114026,5.0000210991534475,-3.7993744203606683,0.11675672853778328,-1.3144044844805153e-05,1.2856544384357504,-0.08003306008783168,9.009856649780839e-06,1.2856544384357504,-0.08003306008783168,9.009856649780839e-06,navigate,3.801167994172656
15.739999999999753,6.631546999559281,9.814882889563153,5.000020839793399,-3.772814221405811,0.11519297245633314,-1.2968002398413733e-05,1.3280099477428706,-0.07818780407250682,8.802122319570937e-06,1.3280099477428706,-0.07818780407250682,8.802122319570937e-06,navigate,3.7745723691980566
15.759999999999753,6.556637047854055,9.817156180370752,5.000020583874667,-3.7454975852613037,0.11366454037994478,-1.2795936639410817e-05,1.3658318072253626,-0.07642160381941837,8.603287950145772e-06,1.3658318072253626,-0.07642160381941837,8.603287950145772e-06,navigate,3.7472218761506206
15.779999999999752,6.482286891549454,9.819399578827433,5.000020331321115,-3.7175078152300536,0.1121699228340099,-1.2627677633928165e-05,1.3994885015625005,-0.07473087729674396,8.412950274132593e-06,1.3994885015625005,-0.07473087729674396,8.412950274132593e-06,navigate,3.719199705318951
15.799999999999752,6.408508462831772,9.821613732435326,5.000020082059848,-3.688921435884079,0.1107076803946321,-1.2463063334285788e-05,1.4293189672987308,-0.07311212196889029,8.230714982118867e-06,1.4293189672987308,-0.07311212196889029,8.230714982118867e-06,navigate,3.690582278012339
15.819999999999752,6.335312288077113,9.823799261272585,5.00001983602106,-3.6598087377329573,0.10927644186298624,-1.230193937347248e-05,1.4556349075560937,-0.0715619265822924,8.056198040665415e-06,1.4556349075560937,-0.0715619265822924,8.056198040665415e-06,navigate,3.6614397902579356
15.839999999999751,6.262707602498302,9.825956759317723,5.000019593137884,-3.6302342789405966,0.10787490225692391,-1.2144158839088037e-05,1.4787229396180352,-0.07007698030311657,7.889026719222153e-06,1.4787229396180352,-0.07007698030311657,7.889026719222153e-06,navigate,3.6318367136587755
15.85999999999975,6.190702455553345,9.828086795731029,5.000019353346243,-3.6002573472478088,0.10650182066523221,-1.1989582031836416e-05,1.498846584639389,-0.06865407958458462,7.72884036258103e-06,1.498846584639389,-0.06865407958458462,7.72884036258103e-06,navigate,3.60183225655507
15.87999999999975,6.119303807851902,9.830189916091095,5.000019116584719,-3.5699323850721627,0.10515601800331706,-1.1838076212724671e-05,1.5162481087822952,-0.06729013309575746,7.575290955587269e-06,1.5162481087822952,-0.06729013309575746,7.575290955587269e-06,navigate,3.5714807884474857
15.89999999999975,6.048517620240452,9.832266643585161,5.000018882794412,-3.539309380572504,0.10383637470326408,-1.1689515343049958e-05,1.5311502249829385,-0.06598216500264872,7.428043483735658e-06,1.5311502249829385,-0.06598216500264872,7.428043483735658e-06,navigate,3.540832230458919
15.91999999999975,5.9783489356947435,9.834317480152484,5.000018651918816,-3.5084342272854534,0.1025418283661425,-1.1543779820118081e-05,1.5437576643525306,-0.06472731685607871,7.286776146593831e-06,1.5437576643525306,-0.06472731685607871,7.286776146593831e-06,navigate,3.5099324144327917
15.939999999999749,5.908801954599409,9.836342907580484,5.0000184239036916,-3.477349054766752,0.10127137139997813,-1.1400756211390376e-05,1.5542586259350686,-0.06352284830821855,7.15118043638522e-06,1.5542586259350686,-0.06352284830821855,7.15118043638522e-06,navigate,3.4788234130927704
15.959999999999749,5.839880103949357,9.838343388553742,5.000018198696952,-3.446092532502618,0.10002404866295579,-1.1260336988970587e-05,1.5628261132066732,-0.062366136851116825,7.0209611209895155e-06,1.5628261132066732,-0.062366136851116825,7.0209611209895155e-06,navigate,3.4475438435222303
15.979999999999748,5.771586100965434,9.840319367656303,5.000017976248547,-3.4147001491961344,0.09879895512805492,-1.1122420266903655e-05,1.5696191653241836,-0.06125467674504366,6.895836103346631e-06,1.5696191653241836,-0.06125467674504366,6.895836103346631e-06,navigate,3.4161291460625733
15.999999999999748,5.703922011577803,9.84227127232795,5.000017756510355,-3.383204469381556,0.09759523358241201,-1.0986909541992782e-05,1.5747839907289143,-0.06018607728214545,6.775536245543591e-06,1.5747839907289143,-0.06018607728214545,6.775536245543591e-06,navigate,3.3846118405781858
16.019999999999747,5.63688930419429,9.844199513775395,5.000017539436087,-3.3516353691756273,0.0964120723721911,-1.0853713440021535e-05,1.5784550102964245,-0.05915806051104587,6.659805098562347e-06,1.5784550102964245,-0.05915806051104587,6.659805098562347e-06,navigate,3.353021761892688
16.039999999999747,5.570488899137499,9.846104487839426,5.000017324981178,-3.3200202528395546,0.09524870320157565,-1.072274546797136e-05,1.5807558168036258,-0.058168458530772335,6.548398602508814e-06,1.5807558168036258,-0.058168458530772335,6.548398602508814e-06,navigate,3.321386276066272
16.059999999999746,5.504721214103535,9.847986575819279,5.000017113102702,-3.288384251698199,0.09410439899263466,-1.0593923773045995e-05,1.5818000570677804,-0.057215210447049386,6.441084746268268e-06,1.5818000570677804,-0.057215210447049386,6.441084746268268e-06,navigate,3.2897304790573223
16.079999999999746,5.439586205966652,9.849846145255503,5.000016903759284,-3.256750406844139,0.0929784718112202,-1.0467170909157549e-05,1.5816922427029945,-0.056296359070723556,6.337643194422277e-06,1.5816922427029945,-0.056296359070723556,6.337643194422277e-06,navigate,3.258077379193038
16.099999999999746,5.375083409227786,9.851683550672757,5.000016696911012,-3.225139836943282,0.09187027086269452,-1.0342413611350871e-05,1.5805284950428433,-0.055410047426284206,6.237864890333846e-06,1.5805284950428433,-0.055410047426284206,6.237864890333846e-06,navigate,3.226448064763152
16.119999999999745,5.311211971380678,9.85349913428396,5.000016492519361,-3.1935718923553713,0.09077918056012722,-1.0219582578264367e-05,1.5783972293955364,-0.05455451512836494,6.1415516543251895e-06,1.5783972293955364,-0.05455451512836494,6.1415516543251895e-06,navigate,3.1948618579478323
16.139999999999745,5.247970685446944,9.855293226657292,5.000016290547116,-3.1620642966867214,0.08970461866662532,-1.0098612263070235e-05,1.5753797834324885,-0.053728094675094845,6.048515759706596e-06,1.5753797834324885,-0.053728094675094845,6.048515759706596e-06,navigate,3.163336456195104
16.159999999999744,5.1853580199108755,9.857066147347544,5.000016090958303,-3.1306332768034446,0.08864603451263545,-9.979440672623032e-06,1.5715509941638401,-0.05292920769949361,5.958579522360223e-06,1.5715509941638401,-0.05292920769949361,5.958579522360223e-06,navigate,3.131888062074294
16.179999999999744,5.123372146265857,9.85881820549331,5.000015893718119,-3.099293682250932,0.08760290728836852,-9.862009175442857e-06,1.5669797276256294,-0.05215636121334617,5.871574859008718e-06,1.5669797276256294,-0.05215636121334617,5.871574859008718e-06,navigate,3.100531502549712
16.199999999999743,5.062010964366876,9.86054970038153,5.000015698792873,-3.0680590949490565,0.08657474441092523,-9.746262317678063e-06,1.5617293650937802,-0.051408143872164,5.787342888239707e-06,1.5617293650937802,-0.051408143872164,5.787342888239707e-06,navigate,3.0692803385426415
16.219999999999743,5.001272125767635,9.862260921980834,5.00001550614992,-3.0369419299620692,0.08556107996522967,-9.63214764774655e-06,1.5558582493493527,-0.050683222284777917,5.705733496575673e-06,1.5558582493493527,-0.050683222284777917,5.705733496575673e-06,navigate,3.038146965579403
16.239999999999743,4.941153055206092,9.863952151445185,5.000015315757609,-3.0059535280771197,0.08456147321749412,-9.519615548885016e-06,1.549420094247485,-0.04998033738677764,5.6266049430766636e-06,1.549420094247485,-0.04998033738677764,5.6266049430766636e-06,navigate,3.0071427062583207
16.259999999999742,4.881650970388785,9.865623661589177,5.000015127585227,-2.9751042408653476,0.08357550719962925,-9.408619079902468e-06,1.5424643605885917,-0.04929830089324335,5.549823449127423e-06,1.5424643605885917,-0.04929830089324335,5.549823449127423e-06,navigate,2.976277895208573
16.279999999999742,4.8227629002119,9.867275717336433,5.0000149416029505,-2.944403508844267,0.08260278736276991,-9.299113823402967e-06,1.535036601054028,-0.04863599184296748,5.475262824975078e-06,1.535036601054028,-0.04863599184296748,5.475262824975078e-06,navigate,2.94556195715877
16.29999999999974,4.764485701545714,9.868908576142392,5.000014757781796,-2.9138599333092916,0.0816429402978966,-9.19105774195978e-06,1.527178776748782,-0.04799235324366602,5.402804072159279e-06,1.527178776748782,-0.04799235324366602,5.402804072159279e-06,navigate,2.9150034786823484
16.31999999999974,4.706816074698604,9.870522488392819,5.000014576093575,-2.8834813423554904,0.08069561252139171,-9.084411041271866e-06,1.5189295476900644,-0.047366388825244056,5.332335034395747e-06,1.5189295476900644,-0.047366388825244056,5.332335034395747e-06,navigate,2.8846102741401567
16.33999999999974,4.649750577667251,9.872117697779284,5.000014396510854,-2.85327485156765,0.07976046932326705,-8.979136040523219e-06,1.5103245393920184,-0.04675715990623269,5.263750037432385e-06,1.5103245393920184,-0.04675715990623269,5.263750037432385e-06,navigate,2.8543894462977
16.35999999999974,4.593285639270907,9.873694441652798,5.000014219006912,-2.823246919817202,0.07883719367573082,-8.875197049538998e-06,1.5013965875224065,-0.04616378237681193,5.196949549211038e-06,1.5013965875224065,-0.04616378237681193,5.196949549211038e-06,navigate,2.824347442055023
16.37999999999974,4.5374175712595415,9.875252951356792,5.000014043555708,-2.7934034005682835,0.07792548519972403,-8.77256025238686e-06,1.4921759624459374,-0.04558542380033914,5.131839857606875e-06,1.4921759624459374,-0.04558542380033914,5.131839857606875e-06,navigate,2.794490103691015
16.39999999999974,4.482142579478304,9.876793452540532,5.000013870131836,-2.7637495890618755,0.07702505918703977,-8.671193597412509e-06,1.4826905753203987,-0.04502130063421339,5.0683327487175555e-06,1.4826905753203987,-0.04502130063421339,5.0683327487175555e-06,navigate,2.7648227159906007
16.41999999999974,4.427456774163977,9.878316165454045,5.000013698710502,-2.7342902657163806,0.07613564567564399,-8.571066692973192e-06,1.4729661672747532,-0.044470675569788634,5.006345221965849e-06,1.4729661672747532,-0.044470675569788634,5.006345221965849e-06,navigate,2.7353500495927876
16.43999999999974,4.373356179442878,9.879821305225562,5.000013529267488,-2.7050297360549362,0.0752569885758378,-8.472150709118683e-06,1.4630264830722157,-0.04393285499030912,4.945799192725459e-06,1.4630264830722157,-0.04393285499030912,4.945799192725459e-06,navigate,2.70607640086948
16.459999999999738,4.319836742093997,9.88130908212246,5.000013361779122,-2.6759718674440287,0.07438884484493552,-8.374418284781249e-06,1.4528934305453678,-0.043407186545113975,4.886621216871767e-06,1.4528934305453678,-0.043407186545113975,4.886621216871767e-06,navigate,2.6770056286192934
16.479999999999738,4.26689433963591,9.882779701796624,5.000013196222254,-2.6471201229043575,0.07353098370817888,-8.277843439957271e-06,1.4425872269835596,-0.042893056837832,4.828742241198864e-06,1.4425872269835596,-0.042893056837832,4.828742241198864e-06,navigate,2.6481411878370076
16.499999999999737,4.2145247877912455,9.884233365515097,5.000013032574223,-2.6184775922332584,0.07268318592366181,-8.18240149299643e-06,1.4321265335549496,-0.0423898892258535,4.772097348042058e-06,1.4321265335549496,-0.0423898892258535,4.772097348042058e-06,navigate,2.619486160797695
16.519999999999737,4.162723847378082,9.88567027037688,5.000012870812844,-2.5900470206581523,0.07184524308910216,-8.088068982466147e-06,1.4215285787553023,-0.041897141727982805,4.716625526514171e-06,1.4215285787553023,-0.041897141727982805,4.716625526514171e-06,navigate,2.5910432856747336
16.539999999999736,4.111487230673636,9.887090609516646,5.000012710916372,-2.5618308352222887,0.07101695698836247,-7.994823593800867e-06,1.4108092717931848,-0.04141430503698487,4.66226943326401e-06,1.4108092717931848,-0.04141430503698487,4.66226943326401e-06,navigate,2.5628149828927436
16.559999999999736,4.060810607291889,9.88849457229616,5.00001255286349,-2.533831169087385,0.07019813897569281,-7.902644089730439e-06,1.39998330674517,-0.04094090063348264,4.608975203521386e-06,1.39998330674517,-0.04094090063348264,4.608975203521386e-06,navigate,2.5348033793998397
16.579999999999735,4.010689609613439,9.889882344484075,5.000012396633285,-2.506049883922481,0.06938860939574157,-7.81151024515135e-06,1.3890642582452055,-0.04047647899756212,4.556692228954406e-06,1.3890642582452055,-0.04047647899756212,4.556692228954406e-06,navigate,2.5070103310283294
16.599999999999735,3.9611198378027526,9.891254108424825,5.000012242205229,-2.478488590534313,0.06858819703745503,-7.721402785639578e-06,1.3780646694084067,-0.04002061791432707,4.505372975588631e-06,1.3780646694084067,-0.04002061791432707,4.505372975588631e-06,navigate,2.4794374430989854
16.619999999999735,3.9120968644451186,9.892610043197227,5.000012089559163,-2.4511486678816925,0.06779673862006155,-7.632303329443143e-06,1.3669961326310318,-0.039572920869673636,4.454972809821784e-06,1.3669961326310318,-0.039572920869673636,4.454972809821784e-06,navigate,2.452086089411211
16.639999999999734,3.8636162388330266,9.893950324763415,5.000011938675276,-2.424031280604596,0.06701407830941278,-7.544194333251246e-06,1.355869363854838,-0.0391330155324387,4.405449809594829e-06,1.355869363854838,-0.0391330155324387,4.405449809594829e-06,navigate,2.4249574297496714
16.659999999999734,3.8156734909292687,9.895275126108675,5.000011789534095,-2.3971373951878996,0.06624006726302882,-7.457059040753043e-06,1.344694270834805,-0.038700552319197674,4.356764624910157e-06,1.344694270834805,-0.038700552319197674,4.356764624910157e-06,navigate,2.3980524260271805
16.679999999999733,3.768264135031872,9.89658461737272,5.000011642116466,-2.370467794869816,0.06547456320226917,-7.370881434635269e-06,1.3334800159041924,-0.0382752030379825,4.308880305888707e-06,1.3334800159041924,-0.0382752030379825,4.308880305888707e-06,navigate,2.3713718571737807
16.699999999999733,3.7213836731639516,9.897878965972923,5.000011496403543,-2.3440230933960216,0.06471743001012428,-7.28564619127654e-06,1.3222350736897175,-0.03785665960724435,4.261762167936474e-06,1.3222350736897175,-0.03785665960724435,4.261762167936474e-06,navigate,2.3449163328728915
16.719999999999732,3.675027598209708,9.899158336719987,5.00001135237677,-2.317803747712187,0.06396853735319405,-7.201338638108004e-06,1.3109672841917295,-0.0374446328465116,4.2153776584268e-06,1.3109672841917295,-0.0374446328465116,4.2153776584268e-06,navigate,2.3186863062371383
16.739999999999732,3.629191396816108,9.900422891926517,5.000011210017876,-2.2918100696799915,0.06322776032648925,-7.1179447136791366e-06,1.2996839016097748,-0.037038851335239965,4.169696221443375e-06,1.2996839016097748,-0.037038851335239965,4.169696221443375e-06,navigate,2.292682085508843
16.75999999999973,3.583870552078213,9.901672791508913,5.000011069308857,-2.2660422368947484,0.06249497911975953,-7.03545093007468e-06,1.288391639262164,-0.03663906033648596,4.1246891802228245e-06,1.288391639262164,-0.03663906033648596,4.1246891802228245e-06,navigate,2.266903844863216
16.77999999999973,3.5390605460246856,9.902908193082995,5.00001093023197,-2.240500302676366,0.06177007870411738,-6.953844337719628e-06,1.2770967109191083,-0.036245020782107486,4.080329617752603e-06,1.2770967109191083,-0.036245020782107486,4.080329617752603e-06,navigate,2.241351634385903
16.79999999999973,3.4947568619186953,9.904129252053751,5.000010792769721,-2.2151842052995163,0.06105294853779013,-6.873112492145721e-06,1.2658048688424883,-0.03585650831636271,4.0365922786953325e-06,1.2658048688424883,-0.03585650831636271,4.0365922786953325e-06,navigate,2.216025389290666
16.81999999999973,3.450954986388225,9.90533612169955,5.000010656904852,-2.1900937765234993,0.06034348228989316,-6.793243422933134e-06,1.2545214388008559,-0.03547331239484815,3.993453460629376e-06,1.2545214388008559,-0.03547331239484815,3.993453460629376e-06,navigate,2.1909249384376412
16.83999999999973,3.4076504113986776,9.906528953251174,5.0000105226203395,-2.1652287494773788,0.05964157758117644,-6.714225604541572e-06,1.2432513523060384,-0.035095235435836036,3.950890919578074e-06,1.2432513523060384,-0.035095235435836036,3.950890919578074e-06,navigate,2.166050012207665
16.85999999999973,3.364838636079649,9.90770789596599,5.000010389899381,-2.1405887659514335,0.058947135740751555,-6.6360479288874846e-06,1.2319991762972569,-0.03472209202124426,3.9088837827043585e-06,1.2319991762972569,-0.03472209202124426,3.9088837827043585e-06,navigate,2.1414002497836684
16.87999999999973,3.3225151684168126,9.908873097197548,5.000010258725387,-2.116173383141834,0.0582600615778608,-6.558699679701492e-06,1.2207691404799708,-0.03435370814453749,3.8674124592996235e-06,1.2207691404799708,-0.03435370814453749,3.8674124592996235e-06,navigate,2.1169752058859896
16.89999999999973,3.2806755268189796,9.910024702460904,5.000010129081978,-2.0919820798916438,0.057580263167801196,-6.482170508415059e-06,1.2095651625095076,-0.03398992050298026,3.826458564321641e-06,1.2095651625095076,-0.03398992050298026,3.826458564321641e-06,navigate,2.092774357004658
16.919999999999728,3.2393152415696242,9.911162855493927,5.00001000095297,-2.068014262467767,0.05690765165116466,-6.406450411503517e-06,1.1983908711938445,-0.03363057583182683,3.7860048455771017e-06,1.1983908711938445,-0.03363057583182683,3.7860048455771017e-06,navigate,2.0687971071682196
16.939999999999728,3.198429856171419,9.91228769831484,5.000009874322376,-2.0442692699102563,0.05624214104560271,-6.331529709318855e-06,1.1872496278755293,-0.03327553027809749,3.746035109233131e-06,1.1872496278755293,-0.03327553027809749,3.746035109233131e-06,navigate,2.0450427932854836
16.959999999999727,3.15801492859167,9.913399371276228,5.000009749174395,-2.0207463789874653,0.05558364806936842,-6.257399026302962e-06,1.1761445461395537,-0.03292464881171464,3.70653415079467e-06,1.1761445461395537,-0.03292464881171464,3.70653415079467e-06,navigate,2.021510690093626
16.979999999999727,3.1180660324159133,9.914498013115747,5.000009625493409,-1.9974448087878272,0.05493209197593027,-6.18404927222337e-06,1.165078509981904,-0.032577804671907705,3.6674877039796122e-06,1.165078509981904,-0.032577804671907705,3.6674877039796122e-06,navigate,1.9982000147434025
16.999999999999726,3.078578757916382,9.915583761003727,5.000009503263977,-1.9743637249765777,0.054287394398992904,-6.111471624856218e-06,1.1540541905624653,-0.032234878846868396,3.6288823683575962e-06,1.1540541905624653,-0.032234878846868396,3.6288823683575962e-06,navigate,1.9751099310497553
17.019999999999726,3.039548713041513,9.916656750587874,5.000009382470826,-1.9515022437434613,0.053649479207297776,-6.03965751357987e-06,1.1430740616558215,-0.03189575958475656,3.5907055638173997e-06,1.1430740616558215,-0.03189575958475656,3.5907055638173997e-06,navigate,1.9522395534338135
17.039999999999726,3.0009715243322055,9.917717116035247,5.000009263098854,-1.9288594354653779,0.05301827236861274,-5.968598604090592e-06,1.132140413904171,-0.03156034193425181,3.552945474463871e-06,1.132140413904171,-0.03156034193425181,3.552945474463871e-06,navigate,1.929587950580225
17.059999999999725,2.962842837770085,9.918764990071693,5.000009145133118,-1.9064343281060157,0.052393701822353866,-5.8982867840597915e-06,1.121255367968108,-0.031228527312943892,3.515591001540041e-06,1.121255367968108,-0.031228527312943892,3.515591001540041e-06,navigate,1.9071541488318333
17.079999999999725,2.92515831956263,9.9198005040189,5.000009028558836,-1.8842259103727523,0.05177569736031504,-5.828714149694924e-06,1.110420886663166,-0.030900223101941415,3.478631718243383e-06,1.110420886663166,-0.030900223101941415,3.478631718243383e-06,navigate,1.8849371353419582
17.099999999999724,2.8879136568696397,9.9208237878292,5.000008913361376,-1.8622331346494947,0.05116419051501162,-5.759872993130629e-06,1.0996387861628845,-0.03057534226517086,3.4420578282147275e-06,1.0996387861628845,-0.03057534226517086,3.4420578282147275e-06,navigate,1.8629358610029267
17.119999999999724,2.851104558475187,9.921834970118303,5.0000087995262605,-1.8404549197226427,0.05055911445517362,-5.691755790754387e-06,1.0889107463425953,-0.030253802991899968,3.4058601188120685e-06,1.0889107463425953,-0.030253802991899968,3.4058601188120685e-06,navigate,1.8411492431680183
17.139999999999723,2.814726755408867,9.922834178196062,5.0000086870391565,-1.818890153316001,0.04996040388795059,-5.6243551920731e-06,1.0782383203320962,-0.02993552836115173,3.3700299340643642e-06,1.0782383203320962,-0.02993552836115173,3.3700299340643642e-06,navigate,1.819576168182631
17.159999999999723,2.7787760015198826,9.92382153809541,5.000008575885876,-1.7975376944492039,0.04936799496741697,-5.557664009545479e-06,1.0676229433398539,-0.029620446026681,3.3345591263810555e-06,1.0676229433398539,-0.029620446026681,3.3345591263810555e-06,navigate,1.7982154937392099
17.179999999999723,2.743248074007221,9.92479717459959,5.000008466052372,-1.7763963756330772,0.048781825208990874,-5.4916752088442125e-06,1.0570659408063299,-0.029308487921304728,3.2994400350633146e-06,1.0570659408063299,-0.029308487921304728,3.2994400350633146e-06,navigate,1.7770660510693495
17.199999999999722,2.7081387739089355,9.925761211267778,5.000008357524734,-1.7554650049142904,0.04820183340940173,-5.42638189993748e-06,1.0465685359393457,-0.028999589979457254,3.264665445336622e-06,1.0465685359393457,-0.028999589979457254,3.264665445336622e-06,navigate,1.7561266469854055
17.21999999999972,2.673443926553322,9.926713770459216,5.000008250289187,-1.7347423677806868,0.047627959571864886,-5.361777328596283e-06,1.0361318566801803,-0.02869369187684222,3.230228567059819e-06,1.0361318566801803,-0.02869369187684222,3.230228567059819e-06,navigate,1.7353960657829877
17.23999999999972,2.639159381974566,9.927654973355938,5.00000814433209,-1.7142272289377842,0.04706014483614114,-5.297854868503872e-06,1.0257569421451271,-0.028390736786187414,3.196123004620578e-06,1.0257569421451271,-0.028390736786187414,3.196123004620578e-06,navigate,1.7148730710148143
17.25999999999972,2.605281015295244,9.928584939984201,5.000008039639929,-1.6939183339661104,0.04649833141317861,-5.234608014000719e-06,1.0154447485836884,-0.028090671148126523,3.162342725157651e-06,1.0154447485836884,-0.028090671148126523,3.162342725157651e-06,navigate,1.6945564071455792
17.27999999999972,2.571804727077878,9.929503789234683,5.000007936199322,-1.673814410868285,0.04594246252405249,-5.1720303730720585e-06,1.0051961548912625,-0.02779344445630607,3.128882046433e-06,1.0051961548912625,-0.02779344445630607,3.128882046433e-06,navigate,1.67444480109673
17.29999999999972,2.538726443647597,9.930411638881543,5.000007833997008,-1.653914171514062,0.04539248234293552,-5.110115661074479e-06,0.9950119677111602,-0.02749900905584854,3.095735599878988e-06,0.9950119677111602,-0.02749900905584854,3.095735599878988e-06,navigate,1.6545369636893619
17.31999999999972,2.506042117387779,9.93130860560042,5.000007733019855,-1.6342163129909022,0.04484833594384832,-5.048857694630515e-06,0.9848929261579913,-0.027207319954359977,3.0628983221981765e-06,0.9848929261579913,-0.027207319954359977,3.0628983221981765e-06,navigate,1.6348315909927855
17.33999999999972,2.4737477270104375,9.932194804985437,5.000007633254847,-1.6147195188670636,0.04430996925095325,-4.9882503860813605e-06,0.9748397061919276,-0.02691833464475353,3.0303654274577577e-06,0.9748397061919276,-0.02691833464475353,3.0303654274577577e-06,navigate,1.6153273655857454
17.35999999999972,2.4418392778029645,9.93307035156528,5.000007534689092,-1.5954224603736438,0.04377732899217037,-4.928287738211425e-06,0.9648529246709887,-0.02663201293914391,2.9981323934968045e-06,0.9648529246709887,-0.02663201293914391,2.9981323934968045e-06,navigate,1.59602295773672
17.37999999999972,2.410312801852734,9.933935358818399,5.000007437309815,-1.576323797511517,0.04325036265590742,-4.86896383949235e-06,0.9549331431063378,-0.026348316813147494,2.9661949359537163e-06,0.9549331431063378,-0.026348316813147494,2.9661949359537163e-06,navigate,1.5769170265092276
17.399999999999718,2.379164358250961,9.934789939187413,5.000007341104358,-1.557422180088645,0.042729018450708346,-4.810272859382713e-06,0.9450808711436006,-0.026067210259953795,2.9345490054818663e-06,0.9450808711436006,-0.026067210259953795,2.9345490054818663e-06,navigate,1.5580082207976205
17.419999999999717,2.348390033277105,9.935634204092766,5.000007246060178,-1.538716248692817,0.042213245267636625,-4.752209044251414e-06,0.9352965697914011,-0.02578865915358608,2.9031907565649256e-06,0.9352965697914011,-0.02578865915358608,2.9031907565649256e-06,navigate,1.5392951802984065
17.439999999999717,2.317985940565015,9.93646826394567,5.0000071521648435,-1.5202046356044845,0.04170299264522096,-4.694766713318557e-06,0.9255806544166197,-0.025512631120783127,2.8721165466428795e-06,0.9255806544166197,-0.025512631120783127,2.8721165466428795e-06,navigate,1.5207765364217622
17.459999999999717,2.287948221251935,9.937292228160405,5.000007059406038,-1.5018859656539973,0.04119821073680184,-4.637940255004266e-06,0.9159334975243555,-0.025239095420956065,2.841322915714521e-06,0.9159334975243555,-0.025239095420956065,2.841322915714521e-06,navigate,1.5024509131475359
17.479999999999716,2.258273044111391,9.938106205166008,5.000006967771556,-1.4837588570272142,0.04069885028012639,-4.581724123541786e-06,0.9063554313391523,-0.024968022833772634,2.810806573123995e-06,0.9063554313391523,-0.024968022833772634,2.810806573123995e-06,navigate,1.4843169278297077
17.499999999999716,2.228956605670928,9.938910302417389,5.0000068772493,-1.4658219220231594,0.040204862569049225,-4.526112835782675e-06,0.8968467502027435,-0.024699385553858345,2.780564387955542e-06,0.8968467502027435,-0.024699385553858345,2.780564387955542e-06,navigate,1.4663731919529732
17.519999999999715,2.1999951303155854,9.939704626405932,5.000006787827281,-1.4480737677671118,0.03971619942720541,-4.471100968228744e-06,0.8874077128023763,-0.024433157092190672,2.7505933776965626e-06,0.8874077128023763,-0.024433157092190672,2.7505933776965626e-06,navigate,1.4486183118448321
17.539999999999715,2.17138487037794,9.940489282669603,5.000006699493618,-1.4305129968822583,0.039232813183529475,-4.4166831542186735e-06,0.878038544242679,-0.02416931218379671,2.720890700503542e-06,0.878038544242679,-0.02416931218379671,2.720890700503542e-06,navigate,1.4310508893463085
17.559999999999715,2.1431221062154844,9.941264375802593,5.000006612236536,-1.4131382081227981,0.03875465664950261,-4.3628540814106305e-06,0.8687394379730045,-0.023907826701343407,2.6914536404021627e-06,0.8687394379730045,-0.023907826701343407,2.6914536404021627e-06,navigate,1.4136695224441842
17.579999999999714,2.1152031462760608,9.942030009464553,5.000006526044366,-1.3959479969711726,0.03828168309801733,-4.3096084894531e-06,0.8595105575812828,-0.023648677574264046,2.6622795978765447e-06,0.8595105575812828,-0.023648677574264046,2.6622795978765447e-06,navigate,1.3964728058674176
17.599999999999714,2.087624327152023,9.942786286389428,5.000006440905543,-1.3789409562018822,0.037813846243755576,-4.256941167736478e-06,0.8503520384645162,-0.023391842713087443,2.63336608583111e-06,0.8503520384645162,-0.023391842713087443,2.63336608583111e-06,navigate,1.3794593316502046
17.619999999999713,2.0603820136237396,9.943533308393928,5.000006356808604,-1.3621156764141766,0.03735110022498251,-4.204846953295914e-06,0.8412639893852755,-0.023137300938653255,2.6047107220282028e-06,0.8412639893852755,-0.023137300938653255,2.6047107220282028e-06,navigate,1.3626276896639622
17.639999999999713,2.033472598693025,9.94427117638566,5.00000627374219,-1.3454707465357192,0.036893399586664676,-4.153320728935675e-06,0.8322464939228701,-0.022885031915891658,2.576311218011921e-06,0.8322464939228701,-0.022885031915891658,2.576311218011921e-06,navigate,1.345976468120337
17.659999999999712,2.0068925036070415,9.944999990370956,5.000006191695041,-1.3290047542991772,0.03644069926482651,-4.102357421574072e-06,0.823299611827105,-0.02263501609190826,2.54816536808019e-06,0.823299611827105,-0.02263501609190826,2.54816536808019e-06,navigate,1.3295042540471824
17.679999999999712,1.9806381778731708,9.945719849462398,5.000006110656001,-1.3127162866935371,0.03599295457206433,-4.051952000417196e-06,0.8144233802820058,-0.022387234638108974,2.520271057843786e-06,0.8144233802820058,-0.022387234638108974,2.520271057843786e-06,navigate,1.3132096337393029
17.69999999999971,1.9547060992653345,9.946430851886081,5.000006030614011,-1.2966039303918115,0.035550121184142365,-4.002099475601088e-06,0.8056178150862825,-0.022141669396098216,2.49262624080539e-06,0.8056178150862825,-0.022141669396098216,2.49262624080539e-06,navigate,1.2970911931856286
17.71999999999971,1.929092773822201,9.947133094988633,5.000005951558113,-1.280666272156676,0.03511215512759989,-3.952794896767795e-06,0.7968829117567808,-0.0218983028271238,2.465228941664622e-06,0.7968829117567808,-0.0218983028271238,2.465228941664622e-06,navigate,1.2811475184743584
17.73999999999971,1.9037947358376919,9.947826675243999,5.000005873477446,-1.264901899225462,0.034679012768302556,-3.90403335175281e-06,0.7882186465606971,-0.02165711796486667,2.4380772507492848e-06,0.7882186465606971,-0.02165711796486667,2.4380772507492848e-06,navigate,1.26537719617749
17.75999999999971,1.8788085478441754,9.948511688260016,5.000005796361246,-1.2493093996758242,0.03425065080087552,-3.855809965418759e-06,0.7796249774818826,-0.021418098371351862,2.4111693167025376e-06,0.7796249774818826,-0.021418098371351862,2.4111693167025376e-06,navigate,1.2497788137160588
17.77999999999971,1.8541308005887094,9.949188228784795,5.000005720198848,-1.2338873627733011,0.03382702623895975,-3.808119898456994e-06,0.7711018451261518,-0.021181228095788377,2.3845033480882304e-06,0.7711018451261518,-0.021181228095788377,2.3845033480882304e-06,navigate,1.234350959707297
17.79999999999971,1.8297581130026714,9.94985639071292,5.000005644979681,-1.2186343793018986,0.033408096406236557,-3.760958346583122e-06,0.7626491735701285,-0.020946491636159574,2.3580775936936106e-06,0.7626491735701285,-0.020946491636159574,2.3580775936936106e-06,navigate,1.2190922242948468
17.81999999999971,1.8056871321650967,9.950516267091484,5.00000557069327,-1.2035490418787418,0.032993818928168515,-3.714320539414604e-06,0.7542668711578344,-0.020713873903402062,2.3318903584259174e-06,0.7542668711578344,-0.020713873903402062,2.3318903584259174e-06,navigate,1.2040011994630646
17.83999999999971,1.7819145332600215,9.951167950125972,5.000005497329235,-1.1886299452537645,0.032584151724408615,-3.6682017397058884e-06,0.745954831248866,-0.020483360187995032,2.305939985435778e-06,0.745954831248866,-0.020483360187995032,2.305939985435778e-06,navigate,1.189076479336389
17.859999999999708,1.758437019528115,9.951811531186008,5.0000054248772905,-1.1738756865953295,0.03217905300183187,-3.6225972425135114e-06,0.7377129329217483,-0.02025493612883728,2.2802248596188595e-06,0.7377129329217483,-0.02025493612883728,2.2802248596188595e-06,navigate,1.174316660464661
17.879999999999708,1.7352513222128627,9.952447100810971,5.000005353327243,-1.1592848657626145,0.03177848124814725,-3.5775023745752057e-06,0.7295410416357525,-0.020028587684230686,2.2547433969152865e-06,0.7295410416357525,-0.020028587684230686,2.2547433969152865e-06,navigate,1.1597203420952313
17.899999999999707,1.7123542005015522,9.953074748715492,5.000005282668993,-1.1448560855655299,0.03138239522604935,-3.532912493511368e-06,0.7214390098542294,-0.01980430110489498,2.229494053191864e-06,0.7214390098542294,-0.01980430110489498,2.229494053191864e-06,navigate,1.1452861264326193
17.919999999999707,1.6897424414612945,9.95369456379485,5.000005212892533,-1.1305879520128845,0.03099075396787297,-3.488822987346335e-06,0.7134066776322656,-0.01958206290881919,2.2044753082516696e-06,0.7134066776322656,-0.01958206290881919,2.2044753082516696e-06,navigate,1.1310126188864373
17.939999999999706,1.6674128599703053,9.954306634130264,5.000005143987948,-1.1164790745494593,0.03060351677071494,-3.445229273886511e-06,0.7054438731712614,-0.01936185985790135,2.1796856729911986e-06,0.7054438731712614,-0.01936185985790135,2.1796856729911986e-06,navigate,1.1168984283082424
17.959999999999706,1.6453622986446532,9.954911046994104,5.0000050759454115,-1.1025280662826027,0.030220643191990512,-3.4021268003106233e-06,0.6975504133428302,-0.019143678936221403,2.1551236787943768e-06,0.6975504133428302,-0.019143678936221403,2.1551236787943768e-06,navigate,1.1029421672179223
17.979999999999706,1.623587627760675,9.955507888855012,5.000005008755191,-1.088733544198918,0.029842093045393238,-3.359511042544937e-06,0.6897261041842347,-0.018927507329863712,2.130787888284316e-06,0.6897261041842347,-0.018927507329863712,2.130787888284316e-06,navigate,1.0891424520201909
17.999999999999705,1.6020857451732435,9.956097245382956,5.000004942407641,-1.07509412937157,0.029467826397229495,-3.3173775050275326e-06,0.6819707413674078,-0.018713332408187164,2.1066768758702338e-06,0.6819707413674078,-0.018713332408187164,2.1066768758702338e-06,navigate,1.0754979032117153
18.019999999999705,1.5808535762300695,9.956679201454218,5.000004876893207,-1.061608447158701,0.029097803563100322,-3.2757217202209446e-06,0.6742841106434426,-0.018501141706458692,2.0827892403294074e-06,0.6742841106434426,-0.018501141706458692,2.0827892403294074e-06,navigate,1.0620071455793674
18.039999999999704,1.5598880736822012,9.957253841156316,5.000004812202421,-1.0482751273934148,0.028731985104905225,-3.2345392483352317e-06,0.6666659882643104,-0.018290922909754922,2.0591235942856417e-06,0.6666659882643104,-0.018290922909754922,2.0591235942856417e-06,navigate,1.0486688083900517
18.059999999999704,1.5391862175908861,9.957821247792879,5.000004748325908,-1.0350928045657466,0.02837033182814394,-3.1938256769764543e-06,0.6591161413834074,-0.018082663838064148,2.035678567938876e-06,0.6591161413834074,-0.018082663838064148,2.035678567938876e-06,navigate,1.035481525572534
18.079999999999703,1.5187450152309458,9.958381503888468,5.000004685254376,-1.022060117997018,0.028012804779493906,-3.1535766209335405e-06,0.6516343284364302,-0.017876352432501734,2.012452802145693e-06,0.6516343284364302,-0.017876352432501734,2.012452802145693e-06,navigate,1.0224439358916642
18.099999999999703,1.498561500990807,9.958934691193361,5.000004622978621,-1.009175712006939,0.02765936524464239,-3.1137877218897463e-06,0.6442202995039479,-0.0176719767425757,1.9894449521897205e-06,0.6442202995039479,-0.0176719767425757,1.9894449521897205e-06,navigate,1.0095546831153546
18.119999999999703,1.478632736269331,9.959480890688289,5.000004561489528,-0.9964382360737997,0.027309974746353514,-3.0744546482361593e-06,0.6368737966569598,-0.017469524914443833,1.9666536826793493e-06,0.6368737966569598,-0.017469524914443833,1.9666536826793493e-06,navigate,0.9968124161746602
18.139999999999702,1.4589558093695696,9.960020182589144,5.000004500778067,-0.9838463449880679,0.026964595042752063,-3.0355730948445882e-06,0.6295945542865907,-0.017268985180072593,1.9440776695785527e-06,0.6295945542865907,-0.017268985180072593,1.9440776695785527e-06,navigate,0.9842157893172688
18.1599999999997,1.4395278353895757,9.96055264635166,5.000004440835291,-0.9713986989996872,0.026623188125806416,-2.997138782941685e-06,0.6223822994190324,-0.017070345847282297,1.921715595145154e-06,0.6223822994190324,-0.017070345847282297,1.921715595145154e-06,navigate,0.9717634622547042
18.1799999999997,1.4203459561103886,9.96107836067606,5.000004381652341,-0.9590939639593529,0.02628571621999478,-2.9591474598350695e-06,0.615236752016719,-0.016873595290581744,1.8995661553307695e-06,0.615236752016719,-0.016873595290581744,1.8995661553307695e-06,navigate,0.9594541003035106
18.1999999999997,1.4014073398813083,9.961597403511684,5.000004323220444,-0.9469308114540194,0.02595214178113936,-2.9215948989887844e-06,0.6081576252666728,-0.016678721942771032,1.8776280423142618e-06,0.6081576252666728,-0.016678721942771032,1.8776280423142618e-06,navigate,0.9472863745206788
18.2199999999997,1.3827091815025707,9.962109852061591,5.000004265530906,-0.934907918936882,0.025622427495394444,-2.8844768997365174e-06,0.6011446258568713,-0.01648571428724573,1.855899962613342e-06,0.6011446258568713,-0.01648571428724573,1.855899962613342e-06,navigate,0.9352589618335493
18.2399999999997,1.3642487021055296,9.962615782787159,5.00000420857512,-0.9230239698520533,0.0252965362783752,-2.847789287272451e-06,0.5941974542414327,-0.016294560850962234,1.834380623203325e-06,0.5941974542414327,-0.016294560850962234,1.834380623203325e-06,navigate,0.9233705451644194
18.2599999999997,1.3460231490304466,9.963115271412647,5.000004152344562,-0.9112776537541465,0.024974431274414302,-2.811527912492531e-06,0.5873158048953387,-0.016105250198044867,1.8130687389959915e-06,0.5873158048953387,-0.016105250198044867,1.8130687389959915e-06,navigate,0.9116198135500606
18.2799999999997,1.3280297957019875,9.963608392929766,5.000004096830789,-0.8996676664229587,0.024656075855935614,-2.775688652005854e-06,0.5804993665593888,-0.01591777092393448,1.7919630243338532e-06,0.5804993665593888,-0.01591777092393448,1.7919630243338532e-06,navigate,0.900005462256341
18.2999999999997,1.3102659415025188,9.964095221602225,5.0000040420254415,-0.8881927099734389,0.02434143362293319,-2.740267408031295e-06,0.5737478224759883,-0.01573211165012124,1.7710621987279604e-06,0.5737478224759883,-0.01573211165012124,1.7710621987279604e-06,navigate,0.8885261928881388
18.3199999999997,1.2927289116432967,9.964575830970276,5.000003987920239,-0.8768514929611115,0.02403046840254602,-2.705260108392423e-06,0.5670608506163681,-0.015548261019358455,1.7503649819436048e-06,0.5670608506163681,-0.015548261019358455,1.7503649819436048e-06,navigate,0.8771807134947134
18.339999999999698,1.2754160570336344,9.96505029385525,5.000003934506985,-0.8656427304831166,0.023723144248718856,-2.670662706397026e-06,0.5604381238997502,-0.015366207691358139,1.7298700997698575e-06,0.5604381238997502,-0.015366207691358139,1.7298700997698575e-06,navigate,0.8659677386706988
18.359999999999697,1.258324754148134,9.965518682364088,5.000003881777562,-0.8545651442750174,0.023419425441940124,-2.6364711808498054e-06,0.5538793104049584,-0.015185940338936601,1.7095762773610371e-06,0.5538793104049584,-0.015185940338936601,1.7095762773610371e-06,navigate,0.8548859896528677
18.379999999999697,1.2414524048920637,9.96598106789387,5.000003829723931,-0.8436174628035188,0.023119276489048716,-2.6026815360910883e-06,0.5473840735749322,-0.015007447644570333,1.6894822379358546e-06,0.5473840735749322,-0.015007447644570333,1.6894822379358546e-06,navigate,0.8439341944128093
18.399999999999697,1.224796436464959,9.966437521136331,5.000003778338135,-0.8327984213552277,0.022822662123102144,-2.569289801919078e-06,0.5409520724145549,-0.014830718297328528,1.6695867086005027e-06,0.5409520724145549,-0.014830718297328528,1.6695867086005027e-06,navigate,0.8331110877456536
18.419999999999696,1.2083543012225273,9.966888112082398,5.000003727612294,-0.822106762121584,0.022529547303298477,-2.5362920335376224e-06,0.5345829616821908,-0.014655740990183248,1.6498884190727803e-06,0.5345829616821908,-0.014655740990183248,1.6498884190727803e-06,navigate,0.8224154113549665
18.439999999999696,1.1921234765369257,9.967332910026697,5.000003677538608,-0.8115412342800783,0.022239897214945514,-2.5036843116712264e-06,0.5282763920752813,-0.014482504417648118,1.6303860933198044e-06,0.5282763920752813,-0.014482504417648118,1.6303860933198044e-06,navigate,0.811845913933939
18.459999999999695,1.1761014646554884,9.967771983572087,5.000003628109353,-0.8011005940718715,0.02195367726947094,-2.4714627424203805e-06,0.5220320104103413,-0.014310997273728778,1.6110784625422969e-06,0.5220320104103413,-0.014310997273728778,1.6110784625422969e-06,navigate,0.8014013512429746
18.479999999999695,1.16028579255797,9.968205400634176,5.000003579316885,-0.7907836048759186,0.02167085310446749,-2.439623457425741e-06,0.5158494597976482,-0.014141208250172553,1.5919642497319781e-06,0.5158494597976482,-0.014141208250172553,1.5919642497319781e-06,navigate,0.7910804861837891
18.499999999999694,1.144674011812376,9.968633228445851,5.000003531153633,-0.7805890372797003,0.021391390583767933,-2.4081626137718942e-06,0.5097283798109163,-0.013973126034977818,1.5730421826923337e-06,0.5097283798109163,-0.013973126034977818,1.5730421826923337e-06,navigate,0.7808820888701161
18.519999999999694,1.1292636984294429,9.969055533561802,5.000003483612105,-0.7705156691466561,0.02111525579754435,-2.3770763940216067e-06,0.5036684066522078,-0.013806739311179093,1.5543109875143828e-06,0.5036684066522078,-0.013806739311179093,1.5543109875143828e-06,navigate,0.7708049366951184
18.539999999999694,1.1140524527158346,9.969472381863051,5.000003436684884,-0.7605622856804095,0.020842415062427518,-2.3463610061668573e-06,0.4976691733123294,-0.01364203675584166,1.5357693927374672e-06,0.4976691733123294,-0.01364203675584166,1.5357693927374672e-06,navigate,0.7608478143955917
18.559999999999693,1.0990378991261172,9.969883838561485,5.000003390364631,-0.7507276794858709,0.0205728349216416,-2.316012683816208e-06,0.49173030972692966,-0.013479007039295826,1.517416117532464e-06,0.49173030972692966,-0.013479007039295826,1.517416117532464e-06,navigate,0.7510095141130488
18.579999999999693,1.084217686113571,9.970289968204387,5.000003344644077,-0.7410106506273009,0.020306482145150448,-2.286027686049391e-06,0.4858514429285042,-0.013317638824557651,1.4992498883408515e-06,0.4858514429285042,-0.013317638824557651,1.4992498883408515e-06,navigate,0.7412888354517644
18.599999999999692,1.0695894859799029,9.970690834678983,5.000003299516031,-0.7314100066834109,0.020043323729811432,-2.2564022975077445e-06,0.48003219719449763,-0.013157920766950755,1.4812694270823332e-06,0.48003219719449763,-0.013157920766950755,1.4812694270823332e-06,navigate,0.7316845855338601
18.619999999999692,1.0551509947239113,9.971086501216973,5.000003254973374,-0.7219245627995774,0.019783326899533372,-2.227132828364542e-06,0.4742721941916796,-0.012999841513903005,1.4634734571601085e-06,0.4742721941916796,-0.012999841513903005,1.4634734571601085e-06,navigate,0.7221955790515024
18.63999999999969,1.0408999318891665,9.971477030399083,5.000003211009062,-0.7125531417372384,0.019526459105435552,-2.1982156143882482e-06,0.4685710531169528,-0.012843389704890911,1.4458606988146855e-06,0.4685710531169528,-0.012843389704890911,1.4458606988146855e-06,navigate,0.712820638316286
18.65999999999969,1.0268340404107557,9.971862484159603,5.000003167616122,-0.7032945739205435,0.019272688026004577,-2.169647016956134e-06,0.4629283908347425,-0.012688553971548795,1.4284298716057139e-06,0.4629283908347425,-0.012688553971548795,1.4284298716057139e-06,navigate,0.7035585933058696
18.67999999999969,1.0129510864611493,9.972242923790947,5.0000031247876535,-0.6941476974803213,0.019021981567246545,-2.1414234230535476e-06,0.4573438220111098,-0.012535322937901602,1.4111796951293191e-06,0.4573438220111098,-0.012535322937901602,1.4111796951293191e-06,navigate,0.6944082817079316
18.69999999999969,0.9992488592952408,9.972618409948204,5.0000030825168285,-0.6851113582954271,0.01877430786283181,-2.113541245258548e-06,0.4518169592447087,-0.012383685220736757,1.39410888974998e-06,0.4518169592447087,-0.012383685220736757,1.39410888974998e-06,navigate,0.6853685489615062
18.71999999999969,0.9857251710946101,9.972989002653689,5.00000304079689,-0.6761844100315328,0.01852963527423001,-2.0859969218181912e-06,0.4463474131947118,-0.01223362943008997,1.3772161720178499e-06,0.4463474131947118,-0.01223362943008997,1.3772161720178499e-06,navigate,0.6764382482957624
18.73999999999969,0.9723778568110618,9.973354761301506,5.0000029996211515,-0.6673657141774166,0.01828793239083343,-2.0587869166739274e-06,0.4409347927058079,-0.012085144169828838,1.360500257213194e-06,0.4409347927058079,-0.012085144169828838,1.360500257213194e-06,navigate,0.6676162407662831
18.75999999999969,0.9592047740094857,9.973715744662107,5.000002958982997,-0.6586541400788091,0.018049168030066544,-2.031907719400354e-06,0.4355787049303777,-0.011938218038344404,1.3439598636786777e-06,0.4355787049303777,-0.011938218038344404,1.3439598636786777e-06,navigate,0.6589013952889018
18.77999999999969,0.9462038027100886,9.974072010886855,5.0000029188758806,-0.6500485649698504,0.017813311237479996,-2.005355845270297e-06,0.4302787554479342,-0.011792839629327437,1.3275937065028615e-06,0.4302787554479342,-0.011792839629327437,1.3275937065028615e-06,navigate,0.6502925886711509
18.799999999999688,0.9333728452300444,9.974423617512592,5.000002879293324,-0.641547874002212,0.017580331286827327,-1.9791278352325877e-06,0.4250345483819203,-0.011648997532633496,1.3114005018854504e-06,0.4250345483819203,-0.011648997532633496,1.3114005018854504e-06,navigate,0.6417887056413736
18.819999999999688,0.9207098260246057,9.974770621466195,5.000002840228919,-0.6331509602719333,0.017350197680123094,-1.953220255944465e-06,0.41984568651393883,-0.011506680335211565,1.295378964406126e-06,0.41984568651393883,-0.011506680335211565,1.295378964406126e-06,navigate,0.633388638875553
18.839999999999687,0.9082126915277252,9.97511307906915,5.000002801676325,-0.6248567248440234,0.017122880147680996,-1.927629699751648e-06,0.41471177139549387,-0.011365876622104941,1.2795278096408602e-06,0.41471177139549387,-0.011365876622104941,1.2795278096408602e-06,navigate,0.6250912890219054
18.859999999999687,0.8958794099922277,9.975451046042112,5.000002763629269,-0.6166640767748773,0.016898348648130772,-1.9023527846869122e-06,0.40963240345730734,-0.011226574977511216,1.2638457532367854e-06,0.40963240345730734,-0.011226574977511216,1.2638457532367854e-06,navigate,0.6168955647232881
18.879999999999686,0.8837079713295767,9.975784577509481,5.000002726081546,-0.6085719331325519,0.01667657336841278,-1.8773861545579086e-06,0.4046071821162756,-0.0110887639858996,1.2483315064501755e-06,0.4046071821162756,-0.0110887639858996,1.2483315064501755e-06,navigate,0.6088003826374683
18.899999999999686,0.8716963869492776,9.976113728003956,5.000002689027017,-0.6005792190149493,0.016457524723749097,-1.8527264787685509e-06,0.3996357058801302,-0.010952432233184104,1.2329837894678847e-06,0.3996357058801302,-0.010952432233184104,1.2329837894678847e-06,navigate,0.6008046674552985
18.919999999999686,0.8598426895979586,9.976438551471107,5.000002652459608,-0.5926848675659523,0.016241173357590857,-1.8283704525135058e-06,0.3947175724498512,-0.010817568307911928,1.2178013127522503e-06,0.3947175724498512,-0.010817568307911928,1.2178013127522503e-06,navigate,0.5929073519168443
18.939999999999685,0.8481449331981675,9.976759101273938,5.000002616373313,-0.5848878199895545,0.016027490141540278,-1.8043147965989727e-06,0.38985237881988705,-0.010684160802529,1.2027827957266508e-06,0.38985237881988705,-0.010684160802529,1.2027827957266508e-06,navigate,0.5851073768255074
18.959999999999685,0.8366011926869269,9.977075430197443,5.000002580762188,-0.5771870255620298,0.01581644617524731,-1.780556257564942e-06,0.3850397213762335,-0.010552198314648415,1.1879269517015429e-06,0.3850397213762335,-0.010552198314648415,1.1879269517015429e-06,navigate,0.5774036910601872
18.979999999999684,0.8252095638540833,9.97738759045317,5.000002545620355,-0.5695814416421817,0.015608012786280188,-1.7570916075398548e-06,0.3802791959924071,-0.010421669448356125,1.1732325012543626e-06,0.3802791959924071,-0.010421669448356125,1.1732325012543626e-06,navigate,0.5697952515855236
18.999999999999684,0.813968163180489,9.97769563368377,5.000002510942003,-0.5620700336797144,0.015402161529969188,-1.733917644325087e-06,0.3755703981233646,-0.010292562815550023,1.158698160738387e-06,0.3755703981233646,-0.010292562815550023,1.158698160738387e-06,navigate,0.5622810234602597
19.019999999999683,0.8028751276760537,9.977999610967554,5.000002476721379,-0.5546517752217665,0.015198864189223433,-1.7110311913534397e-06,0.37091292289739963,-0.010164867037287719,1.1443226485823716e-06,0.37091292289739963,-0.010164867037287719,1.1443226485823716e-06,navigate,0.5548599798437683
19.039999999999683,0.7919286147177008,9.97829957282304,5.000002442952797,-0.5473256479176453,0.014998092774320257,-1.6884290976636224e-06,0.366306365206061,-0.010038570745158862,1.1301046844908705e-06,0.366306365206061,-0.010038570745158862,1.1301046844908705e-06,navigate,0.5475311020007796
19.059999999999683,0.7811268018872648,9.978595569213494,5.000002409630633,-0.5400906415218029,0.014799819522666957,-1.6661082378193891e-06,0.36175031979212074,-0.009913662582664979,1.1160429922116651e-06,0.36175031979212074,-0.009913662582664979,1.1160429922116651e-06,navigate,0.540293379304348
19.079999999999682,0.770467886809363,9.978887649551465,5.000002376749323,-0.5329457538950904,0.0146040168985345,-1.6440655119862818e-06,0.3572443813356272,-0.009790131206622855,1.1021362916553679e-06,0.3572443813356272,-0.009790131206622855,1.1021362916553679e-06,navigate,0.5331458092370996
19.09999999999968,0.7599500869892764,9.97917586270332,5.000002344303366,-0.5258899910043288,0.014410657592763507,-1.622297845774747e-06,0.3527881445380779,-0.009667965288549584,1.0883833105767412e-06,0.3527881445380779,-0.009667965288549584,1.0883833105767412e-06,navigate,0.5260873973907955
19.11999999999968,0.7495716396508717,9.979460256993768,5.000002312287322,-0.5189223669202341,0.014219714522441928,-1.6008021902759467e-06,0.3483812042047316,-0.009547153516079,1.0747827749400093e-06,0.3483812042047316,-0.009547153516079,1.0747827749400093e-06,navigate,0.5191171574642476
19.13999999999968,0.7393308015745971,9.979740880210379,5.000002280695811,-0.512041903813732,0.014031160830554584,-1.5795755220411053e-06,0.34402315532510097,-0.009427684594367143,1.0613334117420768e-06,0.34402315532510097,-0.009427684594367143,1.0613334117420768e-06,navigate,0.5122341112596263
19.15999999999968,0.7292258489355831,9.98001777960809,5.000002249523514,-0.5052476319506992,0.013844969885604649,-1.5586148430041993e-06,0.3397135931516393,-0.00930954724749677,1.0480339518452948e-06,0.3397135931516393,-0.00930954724749677,1.0480339518452948e-06,navigate,0.5054372886771926
19.17999999999968,0.7192550771418798,9.980291001913715,5.000002218765171,-0.4985385896851661,0.01366111528120712,-1.537917180454383e-06,0.33545211327665453,-0.009192730219876459,1.03488312749082e-06,0.33545211327665453,-0.009192730219876459,1.03488312749082e-06,navigate,0.4987257277084931
19.19999999999968,0.7094168006728594,9.980560593330427,5.0000021884155785,-0.4919138234510167,0.01347957083565417,-1.5174795869157332e-06,0.33123831170747203,-0.009077222277647417,1.0218796769324866e-06,0.33123831170747203,-0.009077222277647417,1.0218796769324866e-06,navigate,0.49209847442805
19.21999999999968,0.699709352917815,9.980826599542256,5.000002158469596,-0.48537238775221925,0.013300310591452954,-1.4972991401828559e-06,0.32707178493987116,-0.008963012210060845,1.0090223366438674e-06,0.32707178493987116,-0.008963012210060845,1.0090223366438674e-06,navigate,0.4855545829835835
19.23999999999968,0.6901310860147826,9.981089065718553,5.000002128922137,-0.4789133451516229,0.013123308814835427,-1.4773729432987858e-06,0.32295213002981493,-0.008850088830876368,9.96309844203504e-07,0.32295213002981493,-0.008850088830876368,9.96309844203504e-07,navigate,0.4790931155847991
19.25999999999968,0.6806803706896155,9.981348036518458,5.0000020997681744,-0.472535766258353,0.01294853999524106,-1.457698124332896e-06,0.3188789446634981,-0.00873844097971838,9.83740948294485e-07,0.3188789446634981,-0.00873844097971838,9.83740948294485e-07,navigate,0.4727131424907732
19.279999999999678,0.6713555960953388,9.981603556095354,5.000002071002737,-0.46623872971383834,0.012775978844772225,-1.4382718364916763e-06,0.3148518272257316,-0.008628057523441783,9.713143920609868e-07,0.3148518272257316,-0.008628057523441783,9.713143920609868e-07,navigate,0.4664137419959711
19.299999999999677,0.6621551696518087,9.981855668101307,5.000002042620912,-0.46002132217650465,0.012605600297622688,-1.4190912579223336e-06,0.3108703768666845,-0.008518927357476818,9.59028928467135e-07,0.3108703768666845,-0.008518927357476818,9.59028928467135e-07,navigate,0.46019400041493014
19.319999999999677,0.6530775168857054,9.982104415691497,5.0000020146178406,-0.4538826383051645,0.012437379509479627,-1.4001535918132415e-06,0.306934193567006,-0.008411039407153051,9.468833054546103e-07,0.306934193567006,-0.008411039407153051,9.468833054546103e-07,navigate,0.4540530120656398
19.339999999999677,0.6441210812708826,9.982349841528634,5.000001986988719,-0.4478217807411377,0.012271291856899213,-1.3814560660801851e-06,0.303042878201341,-0.008304382629020703,9.348762866528215e-07,0.303042878201341,-0.008304382629020703,9.348762866528215e-07,navigate,0.44798987925165146
19.359999999999676,0.6352843240691,9.982591987787368,5.000001959728801,-0.4418378600891324,0.012107312936656421,-1.3629959335622665e-06,0.2991960326002649,-0.008198946012139595,9.230066258959363e-07,0.2991960326002649,-0.008198946012139595,9.230066258959363e-07,navigate,0.44200371224294893
19.379999999999676,0.6265657241711615,9.982830896158669,5.000001932833391,-0.43592999489691936,0.011945418565069187,-1.3447704716964897e-06,0.29539325961065116,-0.008094718579361735,9.112730932888411e-07,0.29539325961065116,-0.008094718579361735,9.112730932888411e-07,navigate,0.43609362925561207
19.399999999999675,0.6179637779384849,9.983066607854214,5.000001906297851,-0.4300973116338295,0.011785584777297551,-1.3267769826660414e-06,0.29163416315449253,-0.007991689388581835,8.996744515224234e-07,0.29163416315449253,-0.007991689388581835,8.996744515224234e-07,navigate,0.4302587564303028
19.419999999999675,0.6094769990451228,9.983299163610747,5.000001880117595,-0.4243389446681057,0.011627787826617992,-1.309012793097916e-06,0.28791834828619245,-0.007889847533977964,8.882094784062746e-07,0.28791834828619245,-0.007889847533977964,8.882094784062746e-07,navigate,0.4244982278096059
19.439999999999674,0.60110391832026,9.98352860369442,5.00000185428809,-0.4186540362431388,0.011472004183673366,-1.2914752541627234e-06,0.2842454212483453,-0.00778918214723126,8.768769467596289e-07,0.2842454212483453,-0.00778918214723126,8.768769467596289e-07,navigate,0.41881118531425293
19.459999999999674,0.5928430835912076,9.983754967905135,5.000001828804855,-0.4130417364526183,0.011318210535699225,-1.2741617414010979e-06,0.2806149895260243,-0.007689682398707035,8.656756380812732e-07,0.2806149895260243,-0.007689682398707035,8.656756380812732e-07,navigate,0.41319677871826166
19.479999999999674,0.5846930595269151,9.98397829558085,5.000001803663462,-0.4075012032146265,0.01116638378572647,-1.2570696546675372e-06,0.27702666189959085,-0.0075913374986377805,8.546043366780383e-07,0.27702666189959085,-0.0075913374986377805,8.546043366780383e-07,navigate,0.40765416562301765
19.499999999999673,0.576652427482021,9.984198625601884,5.0000017788595335,-0.4020316022447056,0.011016501051761258,-1.2401964179782011e-06,0.2734800484960462,-0.007494136698260615,8.43661834466808e-07,0.2734800484960462,-0.007494136698260615,8.43661834466808e-07,navigate,0.40218251143032896
19.519999999999673,0.5687197853414624,9.984415996395203,5.000001754388744,-0.39663210702792673,0.010868539665942258,-1.2235394794401829e-06,0.26997476083894106,-0.007398069290950029,8.328469269009148e-07,0.26997476083894106,-0.007398069290950029,8.328469269009148e-07,navigate,0.3967809893144831
19.539999999999672,0.5608937473656626,9.984630445938677,5.000001730246818,-0.3913018987899895,0.010722477173676066,-1.2070963112264563e-06,0.2665104118968616,-0.007303124613309635,8.221584106863246e-07,0.2665104118968616,-0.007303124613309635,8.221584106863246e-07,navigate,0.3914487801933329
19.559999999999672,0.553172944036315,9.984842011765332,5.000001706429529,-0.3860401664673794,0.01057829133275108,-1.1908644093831057e-06,0.2630866161305058,-0.00720929204624929,8.115950921675284e-07,0.2630866161305058,-0.00720929204624929,8.115950921675284e-07,navigate,0.3861850726984417
19.57999999999967,0.5455560219027827,9.985050730967581,5.000001682932703,-0.38084610667661195,0.010435960112430486,-1.1748412937885211e-06,0.2597029895383701,-0.007116561016029676,8.011557797292291e-07,0.2597029895383701,-0.007116561016029676,8.011557797292291e-07,navigate,0.38098906314431363
19.59999999999967,0.538041643429131,9.985256640201431,5.000001659752213,-0.37571892368259063,0.010295461692524623,-1.1590245079800304e-06,0.2563591497010645,-0.007024920995293111,7.908392904245421e-07,0.2563591497010645,-0.007024920995293111,7.908392904245421e-07,navigate,0.3758599554967381
19.61999999999967,0.5306284868418089,9.98545977569068,5.00000163688398,-0.3706578293661053,0.010156774462443514,-1.1434116191320984e-06,0.25305471582426725,-0.006934361504055469,7.806444423965952e-07,0.25305471582426725,-0.006934361504055469,7.806444423965952e-07,navigate,0.37079696134027473
19.63999999999967,0.5233152459779988,9.985660173231086,5.000001614323976,-0.36566204319049844,0.010019877020229875,-1.1280002179015765e-06,0.24978930878034433,-0.006844872110681995,7.705700615261028e-07,0.24978930878034433,-0.006844872110681995,7.705700615261028e-07,navigate,0.3657992998449052
19.65999999999967,0.5161006301346484,9.985857868194516,5.000001592068218,-0.3607307921675256,0.009884748171573293,-1.1127879183175528e-06,0.24656255114864095,-0.006756442432829138,7.606149792011814e-07,0.24656255114864095,-0.006756442432829138,7.606149792011814e-07,navigate,0.36086619773187995
19.67999999999967,0.5089833639181996,9.986052895533092,5.0000015701127705,-0.35586331082243616,0.009751366928806076,-1.09777235764454e-06,0.24337406725447341,-0.0066690621383607715,7.50778033650634e-07,0.24337406725447341,-0.0066690621383607715,7.50778033650634e-07,navigate,0.3559968892387841
19.69999999999967,0.5019621870950337,9.98624528978329,5.000001548453747,-0.3510588411582996,0.009619712509881006,-1.0829511963254185e-06,0.24022348320682751,-0.0065827209462534725,7.41058065956079e-07,0.24022348320682751,-0.0065827209462534725,7.41058065956079e-07,navigate,0.3511906160838495
19.71999999999967,0.49503585444264164,9.986435085070037,5.000001527087305,-0.3463166326196038,0.00948976433733198,-1.0683221178617964e-06,0.2371104269347878,-0.006497408627451348,7.314539231811037e-07,0.2371104269347878,-0.006497408627451348,7.314539231811037e-07,navigate,0.3464466274295379
19.739999999999668,0.48819040517132056,9.981825351886917,5.000001505970376,-0.3422724635660552,-0.23048665915601407,-1.0558464119897961e-06,0.20220845267743326,-11.998821174667302,6.237852936000079e-07,0.20220845267743326,-11.998821174667302,6.237852936000079e-07,navigate,0.4126433561389205
19.759999999999668,0.48143142947969714,9.97242010357635,5.000001485120206,-0.3379487845811709,-0.47026241552830916,-1.0425084703470753e-06,0.21618394924421466,-11.988787818614753,6.668970821360356e-07,0.21618394924421466,-11.988787818614753,6.668970821360356e-07,navigate,0.5790994046443992
19.779999999999667,0.4747661130498642,9.95822651586669,5.000001464558962,-0.3332658214916455,-0.709679385483076,-1.0280622046753324e-06,0.2341481544762682,-11.97084849773834,7.223132835871427e-07,0.2341481544762682,-11.97084849773834,7.223132835871427e-07,navigate,0.7840350361783551
19.799999999999667,0.46819800756289615,9.939482154624118,5.0000014442976,-0.3284052743484045,-0.9372180621285837,-1.0130681352504446e-06,0.24302735716205215,-11.376933832275387,7.497034712443924e-07,0.24302735716205215,-11.376933832275387,7.497034712443924e-07,navigate,0.9930899859534054
19.819999999999666,0.4617281564935371,9.916535542619712,5.000001424339337,-0.3234925534679527,-1.1473306002202386,-9.979131341474212e-07,0.24563604402259157,-10.505626904582737,7.577500551511711e-07,0.24563604402259157,-10.505626904582737,7.577500551511711e-07,navigate,1.192063311385744
19.839999999999666,0.4553572374180182,9.889716672650103,5.000001404686264,-0.3185459537759462,-1.3409434984805049,-9.826536369850014e-07,0.24732998460032396,-9.680644913013317,7.629748581209923e-07,0.24732998460032396,-9.680644913013317,7.629748581209923e-07,navigate,1.3782601317549343
19.859999999999665,0.44908555845538006,9.859337276998762,5.000001385339331,-0.3135839481319082,-1.5189697825670903,-9.673466283048548e-07,0.248100282201899,-8.901314204329271,7.653504340073275e-07,0.248100282201899,-8.901314204329271,7.653504340073275e-07,navigate,1.5510009970592684
19.879999999999665,0.44291308333401086,9.825691206167306,5.000001366298426,-0.3086237560684611,-1.6823035415728156,-9.520452263933091e-07,0.24800960317235585,-8.166687950286262,7.650700955772834e-07,0.24800960317235585,-8.166687950286262,7.650700955772834e-07,navigate,1.7103782706755688
19.899999999999665,0.436839465539118,9.789054902346006,5.000001347562481,-0.3036808897446417,-1.8318151910650373,-9.367972826830847e-07,0.24714331619096946,-7.475582474611088,7.62397185511217e-07,0.24714331619096946,-7.475582474611088,7.62397185511217e-07,navigate,1.856816893776447
19.919999999999664,0.43086408460969217,9.749687949686042,5.00000132912958,-0.29876904647129165,-1.9683476329982332,-9.216450501104903e-07,0.24559216366750136,-6.826622096659792,7.576116286297199e-07,0.24559216366750136,-6.826622096659792,7.576116286297199e-07,navigate,1.990893102971619
19.939999999999664,0.4249860817669984,9.707833684141598,5.000001310997074,-0.29390014213468674,-2.092713277222225,-9.066252862484732e-07,0.24344521683024659,-6.218282211199598,7.509881931008557e-07,0.24344521683024659,-6.218282211199598,7.509881931008557e-07,navigate,2.113250139999947
19.959999999999663,0.4192043936385401,9.663719847302994,5.000001293161683,-0.28908440642291433,-2.205691841930194,-8.917695471391054e-07,0.2407867855886197,-5.648928235398446,7.427869554683869e-07,0.2407867855886197,-5.648928235398446,7.427869554683869e-07,navigate,2.224555302885297
19.979999999999663,0.41351778353413465,9.61755927050459,5.000001275619591,-0.28433050522027287,-2.308028839920207,-8.771045647795737e-07,0.23769506013207417,-5.116849899500645,7.332491179765828e-07,0.23769506013207417,-5.116849899500645,7.332491179765828e-07,navigate,2.325476502161009
19.999999999999662,0.40792487006655975,9.569550577339012,5.000001258366538,-0.2796456733787445,-2.400434658278887,-8.626526567720445e-07,0.23424159207641698,-4.6202909179340175,7.225954003764635e-07,0.23424159207641698,-4.6202909179340175,7.225954003764635e-07,navigate,2.4166688336027082
20.019999999999662,0.40242415308499413,9.519878894458184,5.000001241397896,-0.27503584907828227,-2.4835841440414006,-8.484321407529475e-07,0.2304912150231118,-4.157474288125683,7.110258009548507e-07,0.2304912150231118,-4.157474288125683,7.110258009548507e-07,navigate,2.4987666795466894
20.03999999999966,0.3970140369862844,9.468716562155647,5.000001224708741,-0.270505804935487,-2.5581166151268677,-8.344577388121969e-07,0.22650220713976404,-3.726623554273353,6.987200970375286e-07,0.22650220713976404,-3.726623554273353,6.987200970375286e-07,navigate,2.5723790558727218
20.05999999999966,0.39169285152357963,9.416223837688692,5.000001208293922,-0.2660592731352382,-2.624636223347748,-8.207409635070804e-07,0.22232659001243954,-3.325980411044019,6.858387652558257e-07,0.22232659001243954,-3.325980411044019,6.858387652558257e-07,navigate,2.638086966294147
20.07999999999966,0.38645887026207415,9.362549585608756,5.000001192148112,-0.2616990630752752,-2.683712603996799,-8.07290480861045e-07,0.21801050299815103,-2.9538190324525484,6.725241323017726e-07,0.21801050299815103,-2.9538190324525484,6.725241323017726e-07,navigate,2.69644205212469
20.09999999999966,0.3813103268470115,9.307831950526777,5.0000011762658625,-0.25742717075313326,-2.7358817540989055,-7.941124476737049e-07,0.21359461610709524,-2.608457505105312,6.589016593670027e-07,0.21359461610709524,-2.608457505105312,6.589016593670027e-07,navigate,2.7479661061690512
20.11999999999966,0.37624542925512705,9.252199008753346,5.000001160641646,-0.2532448795942212,-2.781647088671553,-7.812108226548471e-07,0.20911455794560374,-2.288266728632373,6.45081250942889e-07,0.20911455794560374,-2.288266728632373,6.45081250942889e-07,navigate,2.79315117653095
20.13999999999966,0.371262372200606,9.195769396130588,5.000001145269893,-0.24915285272605273,-2.8214806311378444,-7.68587651040845e-07,0.20460134340842384,-1.991677123314572,6.311585807001037e-07,0.20460134340842384,-1.991677123314572,6.311585807001037e-07,navigate,2.8324600784314913
20.15999999999966,0.36635934786249186,9.138652910124511,5.0000011301450265,-0.24515121690570554,-2.8558243003038877,-7.562433235254773e-07,0.2000817910173591,-1.7171834583021581,6.172163757683868e-07,0.2000817910173591,-1.7171834583021581,6.172163757683868e-07,navigate,2.866327188817967
20.17999999999966,0.3615345550936913,9.080951084884298,5.00000111526149,-0.24123963844002855,-2.8850912620107,-7.441768103424925e-07,0.19557892328384918,-1.4633480853406073,6.033256591492388e-07,0.19557892328384918,-1.4633480853406073,6.033256591492388e-07,navigate,2.895159434864637
20.19999999999966,0.35678620726324356,9.022757738510498,5.000001100613773,-0.23741739152238825,-2.909667318690011,-7.323858721848595e-07,0.1911123458820155,-1.2288028339655659,5.895469078816541e-07,0.1911123458820155,-1.2288028339655659,5.895469078816541e-07,navigate,2.919337411682752
20.219999999999658,0.35211253887404675,8.964159492218416,5.000001086196428,-0.23368341945983995,-2.9299123146041253,-7.20867249089225e-07,0.18669860312741568,-1.012249795705718,5.759311547817223e-07,0.18669860312741568,-1.012249795705718,5.759311547817223e-07,navigate,2.9392165813018725
20.239999999999657,0.3475118110882446,8.905236261447278,5.000001072004092,-0.23003638929010967,-2.946161538556883,-7.096168288281108e-07,0.1823515084865146,-0.812461197637893,5.625210130557106e-07,0.1823515084865146,-0.812461197637893,5.625210130557106e-07,navigate,2.9551285169464276
20.259999999999657,0.342982316282335,8.846061719260087,5.000001058031496,-0.2264747402954786,-2.958727109359552,-6.986297966098127e-07,0.17808244973155396,-0.628278540133445,5.493516109149034e-07,0.17808244973155396,-0.628278540133445,5.493516109149034e-07,navigate,2.967382165419804
20.279999999999657,0.33852238174402405,8.786703732612857,5.000001044273481,-0.22299672691554673,-2.9678993323614717,-6.879007675013921e-07,0.17390066899659362,-0.4586111500959775,5.364514554210313e-07,0.17390066899659362,-0.4586111500959775,5.364514554210313e-07,navigate,2.976265107017046
20.299999999999656,0.3341303726130916,8.727224772253805,5.000001030725003,-0.2196004565466239,-2.9739480179525897,-6.77423902899479e-07,0.16981351844614057,-0.3024342795558994,5.23843230095657e-07,0.16981351844614057,-0.3024342795558994,5.23843230095657e-07,navigate,2.982044797450246
20.319999999999656,0.3298046941591924,8.667682297150677,5.000001017381143,-0.21628392269495877,-2.9771237551564145,-6.671930129724698e-07,0.1658266925832564,-0.15878686019124832,5.115444963504547e-07,0.1658266925832564,-0.15878686019124832,5.115444963504547e-07,navigate,2.984969780204382
20.339999999999655,0.32554379348066637,8.60812911444469,5.00000100423711,-0.21304503392630234,-2.9776591352993513,-6.572016458000968e-07,0.16194443843282214,-0.02676900714685293,4.995683586186511e-07,0.16194443843282214,-0.02676900714685293,4.995683586186511e-07,navigate,2.985270860828674
20.359999999999655,0.32134616070012556,8.54861371599857,5.000000991288247,-0.20988163902703894,-2.9757699223060055,-6.474431651491372e-07,0.1581697449631701,0.0944606496672955,4.879240325479785e-07,0.1581697449631701,0.0944606496672955,4.879240325479785e-07,navigate,2.9831622371071584
20.379999999999654,0.31721032972485486,8.489180592649221,5.00000097853003,-0.206791548763536,-2.971656167467443,-6.379108174622332e-07,0.15450451317514696,0.20568774192813566,4.766173843452021e-07,0.15450451317514696,0.20568774192813566,4.766173843452021e-07,navigate,2.9788425809847223
20.399999999999654,0.313134878632907,8.429870527297316,5.000000965958074,-0.2037725545973935,-2.965503267595295,-6.285977896564758e-07,0.15094970830712634,0.3076449936073954,4.6565139028787124e-07,0.15094970830712634,0.3076449936073954,4.6565139028787124e-07,navigate,2.9724960696569327
20.419999999999654,0.30911842973919496,8.370720867970505,5.000000953568129,-0.2008224446856028,-2.957482966340553,-6.194972584540926e-07,0.14750549558953374,0.40101506273707976,4.55026560119157e-07,0.14750549558953374,0.40101506273707976,4.55026560119157e-07,navigate,2.964293364443608
20.439999999999653,0.3051596493898599,8.311765781987496,5.000000941356081,-0.19793901746675266,-2.947754299150378,-6.106024323029578e-07,0.14417136094250751,0.4864333595087563,4.447413075567393e-07,0.14417136094250751,0.4864333595087563,4.447413075567393e-07,navigate,2.9543925370193467
20.459999999999653,0.30125724752770594,8.253036492329805,5.00000092931795,-0.19512009310769693,-2.936464482884598,-6.019065867428759e-07,0.14094621795278617,0.5644908132889871,4.347922780040921e-07,0.14094621795278617,0.5644908132889871,4.347922780040921e-07,navigate,2.942939943318149
20.479999999999652,0.2974099770665106,8.194561497299041,5.000000917449888,-0.19236352305976517,-2.923749751538236,-5.934030938006725e-07,0.13782850239658717,0.635736567318098,4.2517464711017284e-07,0.13782850239658717,0.635736567318098,4.2517464711017284e-07,navigate,2.9300710460028463
20.499999999999652,0.29361663310751474,8.136366774502301,5.000000905748179,-0.189667197949793,-2.9097361398370407,-5.850854462936548e-07,0.13481625549860876,0.700680585059764,4.1588237535088544e-07,0.13481625549860876,0.700680585059764,4.1588237535088544e-07,navigate,2.9159111868251806
20.51999999999965,0.2898760520273336,8.078475970168165,5.000000894209233,-0.18702905400905692,-2.8945402167068193,-5.769472777894005e-07,0.13190719703680476,0.7597961565110749,4.06908425212718e-07,0.13190719703680476,0.7597961565110749,4.06908425212718e-07,navigate,2.9005763105246887
20.53999999999965,0.2861871104628808,8.020910574752582,5.000000882829585,-0.18444707822263925,-2.878269770779187,-5.689823784485741e-07,0.1290987893208834,0.8135222963816168,3.9824496704131627e-07,0.1290987893208834,0.8135222963816168,3.9824496704131627e-07,navigate,2.8841736421454356
20.55999999999965,0.28254872421562466,7.963690085748602,5.0000008716058915,-0.18191931236280878,-2.8610244501990167,-5.611847074191342e-07,0.1263882929915231,0.8622660290085219,3.8988355147199986e-07,0.1263882929915231,0.8622660290085219,3.8988355147199986e-07,navigate,2.866802319806417
20.57999999999965,0.2789598470945719,7.906832158567536,5.000000860534923,-0.17944385605263857,-2.8428963590533227,-5.53548402321739e-07,0.12377281550851033,0.9064045572846966,3.81815254869759e-07,0.12377281550851033,0.9064045572846966,3.81815254869759e-07,navigate,2.8485539850587323
20.59999999999965,0.2754194697147673,7.850352746312398,5.000000849613568,-0.17701886899023064,-2.823970612756911,-5.46067786061719e-07,0.12124935312039614,0.946287314820588,3.7403081300099834e-07,0.12124935312039614,0.946287314820588,3.7403081300099834e-07,navigate,2.8295133330121494
20.61999999999965,0.2719266182657773,7.794266229218103,5.000000838838821,-0.17464257244950002,-2.804325854714763,-5.387373715763471e-07,0.1188148270365316,0.9822379021074114,3.6652072426859664e-07,0.1188148270365316,0.9822379021074114,3.6652072426859664e-07,navigate,2.809758624425549
20.63999999999965,0.26848035326256925,7.738585534487273,5.000000828207783,-0.17231325016040241,-2.784034736541485,-5.315518644326337e-07,0.11646611445488012,1.014555908663901,3.5927535718567133e-07,0.11646611445488012,1.014555908663901,3.5927535718567133e-07,navigate,2.7893621619378757
20.65999999999965,0.26507976828937563,7.6833222472060765,5.00000081771766,-0.17002924865968108,-2.7631643640598127,-5.245061639234885e-07,0.1142000750360662,1.043518624083601,3.522850254572613e-07,0.1142000750360662,1.043518624083601,3.522850254572613e-07,navigate,2.7683907325755372
20.679999999999648,0.2617239887455243,7.628486712981521,5.000000807365753,-0.16778897719256594,-2.7417767112277764,-5.175953628316711e-07,0.11201357335575682,1.0693826416018086,3.455400545908732e-07,0.11201357335575682,1.0693826416018086,3.455400545908732e-07,navigate,2.746906018614142
20.699999999999648,0.25841217060079846,7.57408813290029,5.000000797149458,-0.16559090723629255,-2.7199290040615574,-5.108147459115925e-07,0.10990349781366913,1.0923853583109437,3.390308460039311e-07,0.10990349781366913,1.0923853583109437,3.390308460039311e-07,navigate,2.7249649788015433
20.719999999999647,0.25514349916664386,7.52013465136966,5.000000787066263,-0.16343357170773026,-2.6976740765314715,-5.041597874476168e-07,0.10786677642811418,1.1127463765043015,3.32747923198784e-07,0.10786677642811418,1.1127463765043015,3.32747923198784e-07,navigate,2.7026202018691654
20.739999999999647,0.2519171878884492,7.46663343736337,5.00000077711374,-0.161315563909733,-2.6750607003144693,-4.976261479868793e-07,0.1059003898998627,1.1306688108501008,3.266819730368737e-07,0.1059003898998627,1.1306688108501008,3.266819730368737e-07,navigate,2.6799202341724095
20.759999999999646,0.24873247716316974,7.4135907595595665,5.000000767289547,-0.1592355362639724,-2.652133890190167,-4.912096704416177e-07,0.10400138228802974,1.146340506215119,3.2082387726308236e-07,0.10400138228802974,1.146340506215119,3.2082387726308236e-07,navigate,2.656909883211086
20.779999999999646,0.24558863318573165,7.361012055824159,5.000000757591419,-0.1571921988719048,-2.6289351867703474,-4.849063757111697e-07,0.10216686960338056,1.159935170990983,3.1516473652239804e-07,0.10216686960338056,1.159935170990983,3.1516473652239804e-07,navigate,2.63363049868915
20.799999999999645,0.24248494682692984,7.308901997461049,5.00000074801717,-0.1551843179400906,-2.6055029181554787,-4.787124577168067e-07,0.10039404659070941,1.1716134307434414,3.0969589971815183e-07,0.10039404659070941,1.1716134307434414,3.0969589971815183e-07,navigate,2.6101202326811452
20.819999999999645,0.23942073254490462,7.257264548620708,5.000000738564684,-0.15321071410126094,-2.5818724420170627,-4.726242783402946e-07,0.09868019194148281,1.181523806920814,3.044089688256025e-07,0.09868019194148281,1.181523806920814,3.044089688256025e-07,navigate,2.5864142803817782
20.839999999999645,0.2363953273317396,7.206103021230461,5.000000729231917,-0.1512702606582509,-2.5580763695123823,-4.6663836186013897e-07,0.09702267215050323,1.1898036252340143,2.992958240077817e-07,0.09702267215050323,1.1898036252340143,2.992958240077817e-07,navigate,2.5625451028259936
20.859999999999644,0.23340808969625687,7.15542012578348,5.000000720016889,-0.1493618817741369,-2.5341447723490362,-4.6075138950633666e-07,0.09541894420570021,1.1965798581673024,2.9434861769011464e-07,0.09541894420570021,1.1965798581673024,2.9434861769011464e-07,navigate,2.538542632880384
20.879999999999644,0.23045839868368537,7.105218018298861,5.000000710917685,-0.14748455062857582,-2.510105374230945,-4.5496019371590203e-07,0.09386655727805401,1.2019699059045648,2.8955978952173046e-07,0.09386655727805401,1.2019699059045648,2.8955978952173046e-07,navigate,2.514434465723335
20.899999999999643,0.2275456529325374,7.055498343742149,5.00000070193245,-0.14563728755739852,-2.485983727835606,-4.4926175234410665e-07,0.09236315355886558,1.2060823197669517,2.8492206858976927e-07,0.09236315355886558,1.2060823197669517,2.8492206858976927e-07,navigate,2.4902460349513045
20.919999999999643,0.224669269768739,7.006262276174261,5.000000693059386,-0.14381915818992036,-2.4618033783944075,-4.4365318308094907e-07,0.09090646837390746,1.2090174720599323,2.8042846315787843e-07,0.09090646837390746,1.2090174720599323,2.8042846315787843e-07,navigate,2.4660007753722977
20.939999999999642,0.22182868433681588,6.957510555876783,5.000000684296751,-0.14202927159615603,-2.4375860148739,-4.381317375003374e-07,0.08949432968821672,1.21086817602538,2.7607227903058304e-07,0.08949432968821672,1.21086817602538,2.7607227903058304e-07,navigate,2.441720273475065
20.959999999999642,0.21902334876773324,6.909243523683061,5.0000006756428546,-0.14026677845413127,-2.4133516096860843,-4.326947956256354e-07,0.0881246571012374,1.2117202593907728,2.718470937350995e-07,0.0881246571012374,1.2117202593907728,2.718470937350995e-07,navigate,2.4174244064939243
20.97999999999964,0.21625273138281842,6.861461152727262,5.0000006670960575,-0.13853086924574082,-2.389118547789968,-4.2733986018253564e-07,0.08679546041952226,1.211653094805826,2.677467721549881e-07,0.08679546041952226,1.211653094805826,2.677467721549881e-07,navigate,2.39313147092428
20.99999999999964,0.21351631593305684,6.814163077807566,5.000000658654766,-0.13682077248807875,-2.3649037459847904,-4.2206455134591746e-07,0.08550483788310394,1.210740090258871,2.6376544183090943e-07,0.08550483788310394,1.210740090258871,2.6376544183090943e-07,navigate,2.3688583012829847
21.01999999999964,0.21081360087294,6.767348622544819,5.000000650317435,-0.13513575300584285,-2.340722763137335,-4.1686660118226503e-07,0.08425097411179554,1.2090491423727632,2.598975081826206e-07,0.08425097411179554,1.2090491423727632,2.598975081826206e-07,navigate,2.3446203798504164
21.03999999999964,0.20814409866795472,6.721016824504191,5.000000642082558,-0.1334751102492636,-2.3165899020314513,-4.1174384862518564e-07,0.08303213782896315,1.2066430552941911,2.5613762785396997e-07,0.08303213782896315,1.2066430552941911,2.5613762785396997e-07,navigate,2.320431938077545
21.05999999999964,0.2055073351347345,6.675166458434647,5.000000633948673,-0.1318381766610117,-2.292518303477214,-4.066942343945122e-07,0.08184667941259438,1.2035799277118684,2.524807115336705e-07,0.08184667941259438,1.2035799277118684,2.524807115336705e-07,navigate,2.2963060502910992
21.07999999999964,0.20290284881284093,6.62979605776925,5.000000625914357,-0.1302243160946782,-2.268520033269839,-4.0171579605217476e-07,0.08069302831667473,1.199913510368737,2.489219171168734e-07,0.08069302831667473,1.199913510368737,2.489219171168734e-07,navigate,2.272254720283155
21.09999999999964,0.2003301903671073,6.584903934518361,5.000000617978223,-0.1286329222866808,-2.244606162544412,-3.968066633855168e-07,0.07956969039986961,1.1956935362713663,2.454566333328984e-07,0.07956969039986961,1.1956935362713663,2.454566333328984e-07,navigate,2.248288961327818
21.11999999999964,0.19778892201945097,6.540488197677732,5.0000006101389225,-0.12706341738281646,-2.2207868420314836,-3.9196505380909157e-07,0.07847524519321655,1.1909660256464192,2.4208047882126175e-07,0.07847524519321655,1.1909660256464192,2.4208047882126175e-07,navigate,2.224418870127055
21.139999999999638,0.1952786170090482,6.496546770264122,5.000000602395137,-0.125515250520139,-2.1970713706804994,-3.8718926800905415e-07,0.07740834313387235,1.1857735675491994,2.3878929000187147e-07,0.07740834313387235,1.1857735675491994,2.3878929000187147e-07,navigate,2.20065369514996
21.159999999999638,0.19279885907976058,6.453077405082469,5.0000005947455834,-0.12398789646438158,-2.173468259082637,-3.824776857678886e-07,0.07636770278787183,1.1801555798931265,2.35579112058277e-07,0.07636770278787183,1.1801555798931265,2.35579112058277e-07,navigate,2.1770018997946505
21.179999999999637,0.19034924199370545,6.410077699320633,5.0000005871890085,-0.12248085430275629,-2.1499852880918184,-3.778287617999154e-07,0.07535210808126447,1.174148549540918,2.3244619839866084e-07,0.07535210808126447,1.174148549540918,2.3244619839866084e-07,navigate,2.1534712207694198
21.199999999999637,0.18792936906987268,6.367545108060388,5.000000579724188,-0.12099364619163909,-2.1266295630122496,-3.732410221028697e-07,0.07436040555585995,1.1677862539784374,2.293869848522856e-07,0.07436040555585995,1.1677862539784374,2.293869848522856e-07,navigate,2.130068722059586
21.219999999999636,0.18553885274670512,6.325476956786535,5.000000572349927,-0.11952581615837775,-2.1034075636926484,-3.6871306001332315e-07,0.07339150166306689,1.1610999659800614,2.2639810447732675e-07,0.07339150166306689,1.1610999659800614,2.2639810447732675e-07,navigate,2.1068008448184905
21.239999999999636,0.18317731416758032,6.28387045296971,5.000000565065056,-0.11807692895623934,-2.0803251908412537,-3.6424353289736183e-07,0.07244436010692086,1.1541186425697256,2.2347635579806674e-07,0.07244436010692086,1.1541186425697256,2.2347635579806674e-07,navigate,2.083673453495189
21.259999999999636,0.18084438278815365,6.242722696792678,5.000000557868433,-0.11664656897133309,-2.057387808851568,-3.598311586624204e-07,0.07151799924531237,1.146869099484291,2.2061871174707126e-07,0.07151799924531237,1.146869099484291,2.2061871174707126e-07,navigate,2.0606918784874098
21.279999999999635,0.17853969600454964,6.202030691084549,5.000000550758939,-0.11523433918020062,-2.034600285406466,-3.554747125936034e-07,0.07061148955662327,1.1393761722550741,2.178223034408522e-07,0.07061148955662327,1.1393761722550741,2.178223034408522e-07,navigate,2.0378609555861504
21.299999999999635,0.1762628988014166,6.161791350522395,5.000000543735478,-0.11383986015665236,-2.011967028107687,-3.5117302419801566e-07,0.06972395117741312,1.1316628649389608,2.1508441977938493e-07,0.06972395117741312,1.1316628649389608,2.1508441977938493e-07,navigate,2.0151850624578103
21.319999999999634,0.17401364341888972,6.122001510155222,5.000000536796978,-0.11246276912634341,-1.9894920183586444,-3.4692497434544923e-07,0.06885455151544724,1.1237504874521391,2.1240249262832042e-07,0.06885455151544724,1.1237504874521391,2.1240249262832042e-07,navigate,1.9926681523907683
21.339999999999634,0.17179158903753933,6.082657933301004,5.000000529942389,-0.11110271906751948,-1.9671788427109105,-3.427294925658317e-07,0.0680025029411965,1.1156587823867012,2.0977408898087666e-07,0.0680025029411965,1.1156587823867012,2.0977408898087666e-07,navigate,1.9703137855158377
21.359999999999634,0.1695964014804129,6.043757318863634,5.0000005231706774,-0.10975937785632063,-1.9450307218684502,-3.3858555432853807e-07,0.06716706055994223,1.1074060421230185,2.071969118646811e-07,0.06716706055994223,1.1074060421230185,2.071969118646811e-07,navigate,1.948125157693834
21.379999999999633,0.16742775293131282,6.005296308113061,5.000000516480834,-0.10843242745500525,-1.9230505375286855,-3.344921785553413e-07,0.06634752006576856,1.0990092169882393,2.0466878865983829e-07,0.06634752006576856,1.0990092169882393,2.0466878865983829e-07,navigate,1.9261051272485785
21.399999999999633,0.16528532166848392,5.967271490968549,5.000000509871866,-0.1071215631414452,-1.9012408572256156,-3.304484252266583e-07,0.06554321567800227,1.0904840151534916,2.0218766643415107e-07,0.06554321567800227,1.0904840151534916,2.0218766643415107e-07,navigate,1.9042562397098688
21.419999999999632,0.16316879181291905,5.929679411822,5.000000503342798,-0.10582649277824425,-1.8796039573274381,-3.264533931186797e-07,0.06475351816004757,1.0818449949088789,1.9975160539892943e-07,0.06475351816004757,1.0818449949088789,1.9975160539892943e-07,navigate,1.8825807507182304
21.439999999999632,0.1610778530905222,5.892516574935414,5.000000496892674,-0.10454693611984323,-1.8581418443293205,-3.2250621774410477e-07,0.06397783292005123,1.0731056499058784,1.9735876872874437e-07,0.06397783292005123,1.0731056499058784,1.9735876872874437e-07,navigate,1.861080647231527
21.45999999999963,0.1590122006074023,5.855779449443991,5.000000490520552,-0.10328262415599511,-1.8368562745711,-3.1860606928449994e-07,0.06321559819240599,1.0642784879110339,1.9500742298024036e-07,0.06321559819240599,1.0642784879110339,1.9500742298024036e-07,navigate,1.839757667162681
21.47999999999963,0.15697153463760188,5.819464473993999,5.0000004842255095,-0.1020332984900202,-1.8157487724996464,-3.147521505871281e-07,0.062466283298745665,1.055375103572673,1.926959348685937e-07,0.062466283298745665,1.055375103572673,1.926959348685937e-07,navigate,1.818613317567763
21.49999999999963,0.1549555604225962,5.7835680610422715,5.000000478006635,-0.10079871075028422,-1.7948206475863808,-3.109436955117828e-07,0.06172938698679868,1.0464062456632828,1.9042275376726273e-07,0.06172938698679868,1.0464062456632828,1.9042275376726273e-07,navigate,1.797648891494502
21.51999999999963,0.15296398798192862,5.7480866008422336,5.000000471863036,-0.09957862203337953,-1.7740730100018949,-3.0717996705931567e-07,0.06100443584523471,1.0373818792243001,1.8818642262335763e-07,0.06100443584523471,1.0373818792243001,1.8818642262335763e-07,navigate,1.776865483592763
21.53999999999963,0.150996531934378,5.713016465139399,5.000000465793831,-0.09837280237753042,-1.7535067851417598,-3.034602558168364e-07,0.0602909827924553,1.0283112430067531,1.8598556212396391e-07,0.0602909827924553,1.0283112430067531,1.8598556212396391e-07,navigate,1.7562640045807152
21.55999999999963,0.14905291132908224,5.678354010597592,5.000000459798153,-0.09718103026478764,-1.7331227270903475,-2.9978387850640086e-07,0.05958860563713933,1.0192029025706146,1.8381886552177645e-07,0.05958860563713933,1.0192029025706146,1.8381886552177645e-07,navigate,1.7358451946531692
21.57999999999963,0.14713284948606978,5.644095581975535,5.00000045387515,-0.09600309215062264,-1.712921431102799,-2.961501763181111e-07,0.05889690570824983,1.0100647993774308,1.8168510941449004e-07,0.05889690570824983,1.0100647993774308,1.8168510941449004e-07,navigate,1.7156096359119195
21.59999999999963,0.1452360738456782,5.610237515071954,5.00000044802398,-0.09483878201957995,-1.6929033451791045,-2.9255851377536366e-07,0.05821550655213449,1.000904296184725,1.7958312713737181e-07,0.05821550655213449,1.000904296184725,1.7958312713737181e-07,navigate,1.695557763891766
21.619999999999628,0.1433623158263643,5.5767761394559825,5.000000442243814,-0.09368790096569381,-1.6730687807985718,-2.890082772785511e-07,0.05754405269430719,0.9917282190266357,1.7751182484062952e-07,0.05754405269430719,0.9917282190266357,1.7751182484062952e-07,navigate,1.675689878250227
21.639999999999628,0.14151131069043582,5.543707780998428,5.000000436533837,-0.09255025679642437,-1.65341792287771,-2.8549887393303935e-07,0.056882208463472014,0.982542896043098,1.754701672755866e-07,0.056882208463472014,0.982542896043098,1.754701672755866e-07,navigate,1.6560061526837413
21.659999999999627,0.13968279741725748,5.511028764218234,5.000000430893242,-0.09142566365891741,-1.6339508390097213,-2.820297304479311e-07,0.05622965687534755,0.9733541933994347,1.7345717425541126e-07,0.05622965687534755,0.9733541933994347,1.7345717425541126e-07,navigate,1.6365066441283167
21.679999999999627,0.13787651858350866,5.478735414457447,5.000000425321236,-0.09031394168744017,-1.6146674880393332,-2.786002919283428e-07,0.055586098573861875,0.9641675485194012,1.714719259794154e-07,0.055586098573861875,0.9641675485194012,1.714719259794154e-07,navigate,1.6171913012981645
21.699999999999626,0.1360922202500908,5.446824059896995,5.000000419817035,-0.08921491667089394,-1.5955677280225855,-2.752100209884006e-07,0.05495125082731109,0.9549880008373879,1.6951354699710912e-07,0.05495125082731109,0.9549880008373879,1.6951354699710912e-07,navigate,1.598059972611737
21.719999999999626,0.13432965185530377,5.415291033424647,5.000000414379867,-0.0881284197393517,-1.5766513236173965,-2.718583966869905e-07,0.05432484657711191,0.9458202202594534,1.6758121507050298e-07,0.05432484657711191,0.9458202202594534,1.6758121507050298e-07,navigate,1.5791124135508268
21.739999999999625,0.13258856611393147,5.384132674365702,5.000000409008969,-0.08705428706861518,-1.5579179529472333,-2.6854491367807097e-07,0.05370663353682623,0.9366685335081513,1.656741504459765e-07,0.05370663353682623,0.9366685335081513,1.656741504459765e-07,navigate,1.5603482934948834
21.759999999999625,0.13086871892189483,5.353345330086163,5.000000403703587,-0.08599235960183152,-1.5393672139769825,-2.652690812910132e-07,0.05309637333918293,0.9275369485125381,1.6379161935289006e-07,0.05309637333918293,0.9275369485125381,1.6379161935289006e-07,navigate,1.5417672020695012
21.779999999999625,0.12916986926614976,5.32292535747742,5.000000398462978,-0.08494248278725376,-1.5209986304371386,-2.6203042275469595e-07,0.052493840728887686,0.9184291769921947,1.6193292681586197e-07,0.052493840728887686,0.9184291769921947,1.6193292681586197e-07,navigate,1.523368655045056
21.799999999999624,0.1274917791395243,5.292869124330826,5.000000393286409,-0.08390450633127237,-1.5028116573296868,-2.5882847442309324e-07,0.05189882279906928,0.9093486553725855,1.6009741658013523e-07,0.05189882279906928,0.9093486553725855,1.6009741658013523e-07,navigate,1.5051520998187398
21.819999999999624,0.12583421346020657,5.263173010609896,5.000000388173153,-0.08287828396588674,-1.484805686046518,-2.556627851092048e-07,0.05131111826928165,0.9002985641584373,1.582844656944222e-07,0.05131111826928165,0.9002985641584373,1.582844656944222e-07,navigate,1.487116920510713
21.839999999999623,0.12419693999561005,5.2338334096273185,5.000000383122495,-0.08186367322982581,-1.466980049128877,-2.525329153851334e-07,0.05073053680304668,0.8912818458820504,1.5649348620356633e-07,0.05073053680304668,0.8912818458820504,1.5649348620356633e-07,navigate,1.4692624427027683
21.859999999999623,0.12257972929035872,5.204846729133434,5.000000378133726,-0.08086053526256586,-1.4493340246941897,-2.49438436848631e-07,0.05015689836299776,0.8823012217343646,1.5472392682512023e-07,0.05015689836299776,0.8823012217343646,1.5472392682512023e-07,navigate,1.4515879378457472
21.879999999999622,0.1209823545981481,5.176209392322342,5.000000373206148,-0.07986873461053082,-1.4318668405546229,-2.4637893167613643e-07,0.049590032601752175,0.8733592069783466,1.5297525862472993e-07,0.049590032601752175,0.8733592069783466,1.5297525862472993e-07,navigate,1.4340926273599715
21.899999999999622,0.11940459181725217,5.147917838761344,5.000000368339068,-0.07888813904479652,-1.4145776780498918,-2.433539919642505e-07,0.04902977828671492,0.8644581252365566,1.5124698559429666e-07,0.04902977828671492,0.8644581252365566,1.5124698559429666e-07,navigate,1.416775686451117
21.91999999999962,0.11784621942945908,5.119968525249041,5.000000363531803,-0.07791861938965478,-1.397465675615138,-2.4036321918017105e-07,0.04847598275708776,0.8556001217376905,1.495386392039713e-07,0.04847598275708776,0.8556001217376905,1.495386392039713e-07,navigate,1.399636247662271
21.93999999999962,0.11630701844223056,5.0923579266069785,5.000000358783678,-0.07696004936142618,-1.3805299321031304,-2.3740622379194803e-07,0.04792850141142963,0.846787175600381,1.4784976941115037e-07,0.04792850141142963,0.846787175600381,1.4784976941115037e-07,navigate,1.3826734041813502
21.95999999999962,0.1147867723338917,5.065082536409406,5.000000354094026,-0.07601230541694251,-1.3637695098785998,-2.3448262472290147e-07,0.04738719722418331,0.8380211112265278,1.4617995345232744e-07,0.04738719722418331,0.8380211112265278,1.4617995345232744e-07,navigate,1.3658862129216218
21.97999999999962,0.11328526700166872,5.038138867655382,5.000000349462185,-0.07507526661114942,-1.347183437701182,-2.315920488795007e-07,0.04685194028965432,0.829303608870893,1.4452879217003964e-07,0.04685194028965432,0.829303608870893,1.4452879217003964e-07,navigate,1.349273697391735
21.99999999999962,0.11180229071240252,5.011523453387138,5.000000344887503,-0.07414881446330952,-1.3307707134122106,-2.287341307525797e-07,0.04632260739199516,0.820636214448571,1.4289590634604977e-07,0.04632260739199516,0.820636214448571,1.4289590634604977e-07,navigate,1.3328348503704466
22.01999999999962,0.11033763405577626,4.985232847258349,5.000000340369333,-0.07323283283131325,-1.3145303064394651,-2.2590851205623845e-07,0.04579908159981338,0.812020348637275,1.4128093481706233e-07,0.04579908159981338,0.812020348637275,1.4128093481706233e-07,navigate,1.3165686364000868
22.03999999999962,0.10889108989990363,4.95926362405569,5.0000003359070355,-0.0723272077936315,-1.2984611601329252,-2.2311484140440177e-07,0.04528125188408764,0.8034573153269899,1.3968353259183382e-07,0.04528125188408764,0.8034573153269899,1.3968353259183382e-07,navigate,1.300473994111768
22.05999999999962,0.10746245334913426,4.933612380176817,5.00000033149998,-0.07143182753846877,-1.2825621939436138,-2.203527738118401e-07,0.04476901275813658,0.7949483094655653,1.3810337962808414e-07,0.04476901275813658,0.7949483094655653,1.3810337962808414e-07,navigate,1.2845498383943654
22.079999999999618,0.10605152170394026,4.908275734067683,5.000000327147541,-0.07054658225969981,-1.2668323054567117,-2.176219706241234e-07,0.04426226393844761,0.7864944243451132,1.3654015938583438e-07,0.04426226393844761,0.7864944243451132,1.3654015938583438e-07,navigate,1.2687950624184108
22.099999999999618,0.10465809442275636,4.883250326621897,5.0000003228490995,-0.06967136405919523,-1.251270372289298,-2.1492209895172877e-07,0.04376091002522897,0.7780966583706861,1.3499358361973191e-07,0.04376091002522897,0.7780966583706861,1.3499358361973191e-07,navigate,1.2532085395252115
22.119999999999617,0.10328197308565311,4.85853282154465,5.000000318604043,-0.0688060668551631,-1.2358752538623072,-2.1225283156886194e-07,0.04326486020160593,0.7697559213495327,1.3346336914334193e-07,0.04326486020160593,0.7697559213495327,1.3346336914334193e-07,navigate,1.2377891249907411
22.139999999999617,0.10192296135973002,4.834119905683539,5.000000314411766,-0.0679505862961544,-1.2206457930555799,-2.0961384656528217e-07,0.042774027950435334,0.7614730403363681,1.3194925017898907e-07,0.042774027950435334,0.7614730403363681,1.3194925017898907e-07,navigate,1.2225356576731496
22.159999999999616,0.10058086496612204,4.810008289328454,5.00000031027167,-0.06710481968039911,-1.2055808177542324,-2.0700482714259305e-07,0.04228833078776488,0.753248765067368,1.3045097113445625e-07,0.04228833078776488,0.753248765067368,1.3045097113445625e-07,navigate,1.2074469615520782
22.179999999999616,0.09925549164851886,4.786194706482575,5.000000306183161,-0.06626866588015885,-1.1906791422939687,-2.0442546134149426e-07,0.04180769001201261,0.7450837730131868,1.2896829005493995e-07,0.04180769001201261,0.7450837730131868,1.2896829005493995e-07,navigate,1.192521847167371
22.199999999999616,0.09794665114310289,4.7626759151063265,5.000000302145652,-0.06544202527079904,-1.1759395688123897,-2.0187544180676604e-07,0.0413320304679907,0.7369786740789477,1.275009767364113e-07,0.0413320304679907,0.7369786740789477,1.275009767364113e-07,navigate,1.1777591129642146
22.219999999999615,0.09665415514981689,4.739448697336069,5.000000298158563,-0.06462479966430018,-1.1613608885128475,-1.9935446566095862e-07,0.04086128032494267,0.7289340149771115,1.2604880729037158e-07,0.04086128032494267,0.7289340149771115,1.2604880729037158e-07,navigate,1.1631575465512147
22.239999999999615,0.095377817304878,4.716509859679131,5.000000294221318,-0.06381689224694406,-1.1469418828469047,-1.9686223427337838e-07,0.04039537086780598,0.720950283297142,1.2461156937901127e-07,0.04039537086780598,0.720950283297142,1.2461156937901127e-07,navigate,1.1487159258774555
22.259999999999614,0.0941174531544595,4.69385623318671,5.000000290333349,-0.06301820752092496,-1.1326813246210223,-1.9439845303121408e-07,0.03993423630095522,0.713027911294116,1.2318906210821555e-07,0.03993423630095522,0.713027911294116,1.2318906210821555e-07,navigate,1.1344330203341324
22.279999999999614,0.0928728801294665,4.671484673606057,5.0000002864940924,-0.06222865124965058,-1.1185779790326873,-1.9196283125490406e-07,0.03947781356371896,0.705167279416747,1.2178108881550085e-07,0.03947781356371896,0.705167279416747,1.2178108881550085e-07,navigate,1.1203075917859517
22.299999999999613,0.09164391752133628,4.6493920615132405,5.000000282702991,-0.06144813040651053,-1.1046306046408116,-1.8955508193767138e-07,0.039026042157002415,0.697368719593783,1.203874658616342e-07,0.039026042157002415,0.697368719593783,1.203874658616342e-07,navigate,1.1063383955371053
22.319999999999613,0.09043038645879822,4.627575302427743,5.000000278959492,-0.06067655312690286,-1.0908379542748854,-1.8717492170042805e-07,0.03857886398038365,0.6896325182963097,1.1900801186216732e-07,0.03857886398038365,0.6896325182963097,1.1900801186216732e-07,navigate,1.0925241812362845
22.339999999999613,0.0892321098855318,4.606031326910002,5.000000275263051,-0.059913828663321164,-1.0771987758870418,-1.8482207060628734e-07,0.03813622317908451,0.6819589193921769,1.1764255470703537e-07,0.03813622317908451,0.6819589193921769,1.1764255470703537e-07,navigate,1.0788636937248715
22.359999999999612,0.08804891253866548,4.584757090642984,5.000000271613126,-0.05915986734331614,-1.0637118133508903,-1.8249625204816318e-07,0.03769806600025143,0.6743481268075829,1.162909279062082e-07,0.03769806600025143,0.6743481268075829,1.162909279062082e-07,navigate,1.0653556738321486
22.37999999999961,0.08688062092806237,4.563749574498771,5.000000268009182,-0.058414580530155906,-1.0503758072106961,-1.8019719260270586e-07,0.03726434065801143,0.6668003070097125,1.1495297227286629e-07,0.03726434065801143,0.6668003070097125,1.1495297227286629e-07,navigate,1.0519988591210867
22.39999999999961,0.08572706331634197,4.543005784591086,5.00000026445069,-0.05767788058601996,-1.0371894953842302,-1.7792462192169522e-07,0.03683499720679702,0.659315591323299,1.1362853405053143e-07,0.03683499720679702,0.659315591323299,1.1362853405053143e-07,navigate,1.0387919845880218
22.41999999999961,0.08458806969959055,4.5225227523146385,5.000000260937124,-0.05694968083757068,-1.0241516138223694,-1.7567827262527408e-07,0.03640998742246418,0.6518940780930366,1.1231746482105757e-07,0.03640998742246418,0.6518940780930366,1.1231746482105757e-07,navigate,1.0257337833192859
22.43999999999961,0.08346347178871544,4.502297534372072,5.000000257467967,-0.05622989554375566,-1.011260897128312,-1.734578802325364e-07,0.035989264690751,0.6445358347028729,1.1101961963688373e-07,0.035989264690751,0.6445358347028729,1.1101961963688373e-07,navigate,1.0128229871076435
22.45999999999961,0.08235310299140139,4.482327212789291,5.000000254042703,-0.05551843986570263,-0.9985160791390637,-1.712631830228031e-07,0.035572783902651665,0.6372408994624121,1.0973486048666601e-07,0.035572783902651665,0.6372408994624121,1.0973486048666601e-07,navigate,1.0000583270311787
22.47999999999961,0.08125679839462986,4.462608894919858,5.0000002506608245,-0.05481522983857655,-0.9859158934716657,-1.6909392200535245e-07,0.03516050135630398,0.6300092833698958,1.084630508725318e-07,0.03516050135630398,0.6300092833698958,1.084630508725318e-07,navigate,0.9874385339970876
22.49999999999961,0.08017439474772434,4.443139713439129,5.000000247321828,-0.05412018234527635,-0.9734590740364553,-1.669498407486824e-07,0.03475237466500993,0.6228409717605238,1.072040628335027e-07,0.03475237466500993,0.6228409717605238,1.072040628335027e-07,navigate,0.9749623392526641
22.51999999999961,0.07910573044588723,4.423916826328739,5.000000244025214,-0.05343321509185572,-0.96114435551949,-1.648306853893178e-07,0.03434836267103168,0.6157359258482676,1.0595776796822848e-07,0.03434836267103168,0.6157359258482676,1.0595776796822848e-07,navigate,0.9626284748655919
22.53999999999961,0.07805064551419605,4.404937416852016,5.00000024077049,-0.05275424658455923,-0.9489704738361164,-1.6273620457110078e-07,0.03394842536482437,0.6086940841686767,1.0472404091085092e-07,0.03394842536482437,0.6086940841686767,1.0472404091085092e-07,navigate,0.9504356741755196
22.559999999999608,0.07700898159202862,4.386198693520866,5.000000237557167,-0.05208319610837149,-0.9369361665575228,-1.6066614924403978e-07,0.033552523809386926,0.6017153639296842,1.0350276635305029e-07,0.033552523809386926,0.6017153639296842,1.0350276635305029e-07,navigate,0.9383826722187463
22.579999999999607,0.07598058191788896,4.367697890054626,5.000000234384761,-0.0514199837069829,-0.9250401733119855,-1.586202728203481e-07,0.03316062006942964,0.5947996622768617,1.0229382118458283e-07,0.03316062006942964,0.5947996622768617,1.0229382118458283e-07,navigate,0.9264682061277223
22.599999999999607,0.07496529131460733,4.349432265331378,5.000000231252795,-0.0507645301640814,-0.9132812361624028,-1.5659833090537834e-07,0.03277267714507472,0.5879468574791403,1.0109709574848904e-07,0.03277267714507472,0.5879468574791403,1.0109709574848904e-07,navigate,0.9146910155069475
22.619999999999607,0.07396295617488963,4.331399103332147,5.000000228160793,-0.05011675698588496,-0.9016580999615921,-1.5460008135031554e-07,0.03238865890982193,0.5811568100405357,9.991247775314022e-08,0.03238865890982193,0.5811568100405357,9.991247775314022e-08,navigate,0.9030498427867393
22.639999999999606,0.07297342444719294,4.313595713078412,5.000000225108288,-0.04947658638483443,-0.8901695126867311,-1.5262528423520435e-07,0.032008530052526574,0.5744293637430495,9.873985575555997e-08,0.032008530052526574,0.5744293637430495,9.873985575555997e-08,navigate,0.891543433556241
22.659999999999606,0.07199654562190552,4.296019428563327,5.000000222094814,-0.04884394126437139,-0.8788142257542207,-1.506737017113783e-07,0.031632256023152346,0.5677643466255169,9.75791261913017e-08,0.031632256023152346,0.5677643466255169,9.75791261913017e-08,navigate,0.8801705368769455
22.679999999999605,0.07103217071781093,4.278667608677004,5.0000002191199115,-0.048218745204729914,-0.867590994316164,-1.4874509802327158e-07,0.03125980298207357,0.5611615719028369,9.643018440533591e-08,0.03125980298207357,0.5611615719028369,9.643018440533591e-08,navigate,0.8689299055779188
22.699999999999605,0.07008015226881742,4.261537637126213,5.0000002161831265,-0.04760092244967559,-0.8564985775395699,-1.468392394961065e-07,0.030891137752716017,0.554620838829705,9.529292635825346e-08,0.030891137752716017,0.554620838829705,9.529292635825346e-08,navigate,0.8578202965338301
22.719999999999605,0.06914034431093484,4.244626922348827,5.000000213284008,-0.04699039789412887,-0.845535738869317,-1.4495589441845358e-07,0.030526227777336178,0.5481419335126487,9.416725388264722e-08,0.030526227777336178,0.5481419335126487,9.416725388264722e-08,navigate,0.8468404709268159
22.739999999999604,0.06821260236948257,4.22793289742331,5.000000210422112,-0.04638709707261384,-0.8347012462758387,-1.430948331040456e-07,0.030165041075751638,0.5417246296739104,9.30530657203986e-08,0.030165041075751638,0.5417246296739104,9.30530657203986e-08,navigate,0.8359891944931364
22.759999999999604,0.06729678344651303,4.211453019973542,5.000000207596996,-0.04579094614847696,-0.8239938724884294,-1.4125582777724766e-07,0.02980754620684424,0.5353686893704713,9.195026633989705e-08,0.02980754620684424,0.5353686893704713,9.195026633989705e-08,navigate,0.8252652377555174
22.779999999999603,0.06639274600843656,4.195184772069242,5.000000204808223,-0.04520187190382355,-0.8134123952150045,-1.3943865260221323e-07,0.029453712232670584,0.5290738636712448,9.08587587517211e-08,0.029453712232670584,0.5290738636712448,9.08587587517211e-08,navigate,0.8146673762420095
22.799999999999603,0.0655003499738341,4.17912566012226,5.000000202055361,-0.04461980173012313,-0.8029555973490988,-1.376430836067749e-07,0.02910350868502085,0.5228398932952862,8.977844977191617e-08,0.02910350868502085,0.5228398932952862,8.977844977191617e-08,navigate,0.8041943906921402
22.819999999999602,0.06461945670144534,4.163273214778964,5.000000199337983,-0.044044663619437555,-0.7926222671648263,-1.3586889860781045e-07,0.0287569055342788,0.5166665092136261,8.87092499482224e-08,0.0287569055342788,0.5166665092136261,8.87092499482224e-08,navigate,0.7938450672510834
22.839999999999602,0.06374992897832077,4.147624990808954,5.000000196655665,-0.04347638615622869,-0.7824111985004827,-1.3411587731569433e-07,0.028413873160443148,0.5105534332171816,8.765106460580604e-08,0.028413873160443148,0.5105534332171816,8.765106460580604e-08,navigate,0.7836181976525208
22.8599999999996,0.06289163100812667,4.132178566990326,5.000000194007989,-0.04291489850970513,-0.7723211909314229,-1.3238380122673208e-07,0.02807438232617777,0.5045003784529903,8.660380444811265e-08,0.02807438232617777,0.5045003784529903,8.660380444811265e-08,navigate,0.773512579390825
22.8799999999996,0.062044428399593274,4.116931545991671,5.00000019139454,-0.042360130426669765,-0.7623510499328052,-1.3067245362364839e-07,0.027738404151768366,0.4985070499308832,8.556738015418509e-08,0.027738404151768366,0.4985070499308832,8.556738015418509e-08,navigate,0.7635270158831526
22.8999999999996,0.06120818815509663,4.101881554251015,5.000000188814908,-0.04181201222483242,-0.7524995870327545,-1.2898161957735452e-07,0.027405910091867266,0.4925731450025353,8.45417023146925e-08,0.027405910091867266,0.4925731450025353,8.45417023146925e-08,navigate,0.7536603166219993
22.9199999999996,0.060382778659365546,4.087026241851886,5.000000186268686,-0.04127047478655407,-0.7427656199564603,-1.2731108584339726e-07,0.027076871913917215,0.4866983538147132,8.352668669786341e-08,0.027076871913917215,0.4866983538147132,8.352668669786341e-08,navigate,0.7439112973187251
22.9399999999996,0.059568069668305725,4.072363282396652,5.000000183755473,-0.04073544955299106,-0.7331479727616924,-1.2566064097297493e-07,0.026751261678150666,0.48088235973839516,8.252224352111576e-08,0.026751261678150666,0.48088235973839516,8.252224352111576e-08,navigate,0.734278780038535
22.9599999999996,0.05876393229793353,4.057890372877329,5.000000181274872,-0.04020686851860973,-0.7236454759661857,-1.240300751407989e-07,0.02642905171906642,0.47512483977533754,8.15282916088007e-08,0.02642905171906642,0.47512483977533754,8.15282916088007e-08,navigate,0.7247615933273615
22.9799999999996,0.05797023901341265,4.043605233543982,5.000000178826488,-0.039684664226043886,-0.7142569666673151,-1.2241918025864217e-07,0.02611021462829214,0.46942546494353155,8.054474410783724e-08,0.02611021462829214,0.46942546494353155,8.054474410783724e-08,navigate,0.7153585723310674
22.9999999999996,0.05718686361818728,4.029505607770893,5.000000176409933,-0.03916876976126896,-0.704981288654457,-1.2082774994780577e-07,0.02579472323874635,0.4637839006429042,7.957151554182028e-08,0.02579472323874635,0.4637839006429042,7.957151554182028e-08,navigate,0.7060685589073661
23.019999999999598,0.05641368124320591,4.015589261920605,5.000000174024821,-0.03865911874906859,-0.6958172925144068,-1.19255579406227e-07,0.025482550610018168,0.45819980700250523,7.860852707893817e-08,0.025482550610018168,0.45819980700250523,7.860852707893817e-08,navigate,0.6968904017308234
23.039999999999598,0.05565056833623049,4.001853985206001,5.000000171670772,-0.03815564534877083,-0.6867638357301993,-1.177024655611558e-07,0.025173670014888065,0.4526728392103763,7.765569225355992e-08,0.025173670014888065,0.4526728392103763,7.765569225355992e-08,navigate,0.6878229563912877
23.059999999999597,0.05489740265122584,3.9882975895505277,5.000000169347408,-0.03765828425023247,-0.6778197827736562,-1.1616820693854216e-07,0.02486805492691782,0.4472026478271526,7.671293113068208e-08,0.02486805492691782,0.4472026478271526,7.671293113068208e-08,navigate,0.6788650854860715
23.079999999999597,0.05415406323782481,3.974917909446688,5.000000167054356,-0.03716697067005164,-0.6689840051919678,-1.1465260371137313e-07,0.024565679009041226,0.4417888790844201,7.578016135845124e-08,0.024565679009041226,0.4417888790844201,7.578016135845124e-08,navigate,0.6700156587061891
23.099999999999596,0.053420430430865015,3.9617128018129164,5.000000164791247,-0.0366816403479898,-0.6602553816885923,-1.1315545760694561e-07,0.02426651610309194,0.43643117516877084,7.485730522137593e-08,0.02426651610309194,0.43643117516877084,7.485730522137593e-08,navigate,0.6612735529169308
23.119999999999596,0.0526963858399933,3.9486801458489413,5.000000162557716,-0.03620222954358564,-0.6516327981987441,-1.1167657202852236e-07,0.023970540220207878,0.4311291744924144,7.39442789211628e-08,0.023970540220207878,0.4311291744924144,7.39442789211628e-08,navigate,0.6526376522330474
23.139999999999596,0.05198181233933441,3.935817842889747,5.000000160353401,-0.03572867503294452,-0.6431151479597207,-1.1021575192921343e-07,0.02367772553205588,0.4258825119511698,7.304100496544687e-08,0.02367772553205588,0.4258825119511698,7.304100496544687e-08,navigate,0.6441068480887898
23.159999999999595,0.05127659405722065,3.923123816258221,5.0000001581779445,-0.03526091410568806,-0.6347013315763091,-1.0877280390025204e-07,0.023388046362822837,0.4206908191705775,7.214740144806933e-08,0.023388046362822837,0.4206908191705775,7.214740144806933e-08,navigate,0.6356800393030447
23.179999999999595,0.05058061636597966,3.910596011116591,5.0000001560309935,-0.03479888456204959,-0.6263902570814921,-1.073475360115111e-07,0.02310147718192343,0.4155537247408524,7.126339443704755e-08,0.02310147718192343,0.4155537247408524,7.126339443704755e-08,navigate,0.6273561321397857
23.199999999999594,0.049893765871777615,3.8982323943167376,5.0000001539121985,-0.03434252471010205,-0.6181808399926659,-1.0593975797299875e-07,0.022817992597376872,0.4104708544413092,7.038890192561763e-08,0.022817992597376872,0.4104708544413092,7.038890192561763e-08,navigate,0.6191340403640501
23.219999999999594,0.049215930404515495,3.8860309542494664,5.0000001518212125,-0.03389177336310588,-0.6100720033635683,-1.0454928104847027e-07,0.02253756734980873,0.4054418314548855,6.952384622642355e-08,0.02253756734980873,0.4054418314548855,6.952384622642355e-08,navigate,0.61101268529364
23.239999999999593,0.04854699900777619,3.8739897006928246,5.000000149757694,-0.03344656983696518,-0.6020626778321019,-1.0317591800567687e-07,0.022260176307035057,0.40046627657332073,6.866815213967001e-08,0.022260176307035057,0.40046627657332073,6.866815213967001e-08,navigate,0.6029909958467298
23.259999999999593,0.047886861928820565,3.86210666465954,5.0000001477213045,-0.03300685394778137,-0.5941518016642314,-1.0181948320976482e-07,0.021985794459190636,0.3955438083935204,6.782173979560231e-08,0.021985794459190636,0.3955438083935204,6.782173979560231e-08,navigate,0.5950679085855602
23.279999999999593,0.047235410608630686,3.850379898243658,5.0000001457117085,-0.032572566009494104,-0.5863383207941195,-1.0047979253989064e-07,0.021714396914363204,0.39067404350559765,6.698453349370885e-08,0.021714396914363204,0.39067404350559765,6.698453349370885e-08,navigate,0.5872423677563811
23.299999999999592,0.04659253767199868,3.838807474466445,5.000000143728575,-0.03214364683160011,-0.5786211888606586,-9.915666341347076e-08,0.021445958894699628,0.38585659667304634,6.615645632099429e-08,0.021445958894699628,0.38585659667304634,6.615645632099429e-08,navigate,0.5795133253257999
23.31999999999959,0.04595813691765986,3.827387487121634,5.000000141771577,-0.031720037716941096,-0.5709993672405491,-9.784991474028244e-08,0.0211804557329509,0.3810910810054761,6.533743365941577e-08,0.0211804557329509,0.3810910810054761,6.533743365941577e-08,navigate,0.5718797410136865
23.33999999999959,0.04533210330846881,3.816118050620073,5.000000139840389,-0.031301680459552596,-0.563471825078063,-9.655936701964658e-08,0.02091786286942498,0.3763771081243043,6.452738603179349e-08,0.02091786286942498,0.3763771081243043,6.452738603179349e-08,navigate,0.5643405823227713
23.35999999999959,0.04471433296161749,3.80499729983384,5.000000137934692,-0.030888517342566216,-0.5560375393116275,-9.528484215418613e-08,0.020658155849318988,0.37171428832177766,6.372624327302247e-08,0.020658155849318988,0.37171428832177766,6.372624327302247e-08,navigate,0.5568948245650706
23.37999999999959,0.044104723138894325,3.794023389939893,5.000000136054169,-0.030480491136158153,-0.548695494697354,-9.402616361995876e-08,0.020401310320403137,0.36710223071367015,6.293392671136841e-08,0.020401310320403137,0.36710223071367015,6.293392671136841e-08,navigate,0.549541450885267
23.39999999999959,0.04350317223698357,3.7831944962633,5.000000134198506,-0.030077545095537533,-0.5414446838296345,-9.278315635305224e-08,0.020147302031030878,0.3625405433859724,6.215036334532597e-08,0.020147302031030878,0.3625405433859724,6.215036334532597e-08,navigate,0.5422794522811606
23.41999999999959,0.0429095797778042,3.7725088141201217,5.000000132367393,-0.029679622958968508,-0.5342841071589167,-9.155564685033091e-08,0.019896106828451224,0.3580288335358885,6.137547513606615e-08,0.019896106828451224,0.3580288335358885,6.137547513606615e-08,navigate,0.5351078276213083
23.43999999999959,0.04232384639888779,3.7619645586599866,5.000000130560523,-0.029286668945820493,-0.5272127730067686,-9.034346298669998e-08,0.019647700657400697,0.35356670760740483,6.060919318154633e-08,0.019647700657400697,0.35356670760740483,6.060919318154633e-08,navigate,0.5280255836599556
23.45999999999959,0.04174587384379496,3.7515599647084197,5.000000128777595,-0.028898627754641425,-0.5202296975783345,-8.914643418867002e-08,0.019402059558953424,0.34915377142170534,5.985143990149833e-08,0.019402059558953424,0.34915377142170534,5.985143990149833e-08,navigate,0.5210317350493677
23.47999999999959,0.04117556495256998,3.741293286608974,5.000000127018307,-0.028515444561249232,-0.5133339049722809,-8.796439135985964e-08,0.019159159669609738,0.3447896303026762,5.910214144051917e-08,0.019159159669609738,0.3447896303026762,5.910214144051917e-08,navigate,0.5141253043496538
23.499999999999588,0.04061282365223324,3.7311627980652076,5.000000125282364,-0.02813706501683715,-0.5065244271883265,-8.679716680738233e-08,0.018918977220604143,0.3404738891977221,5.8361227623865466e-08,0.018918977220604143,0.3404738891977221,5.8361227623865466e-08,navigate,0.5073053220361792
23.519999999999587,0.04005755494731146,3.721166791982559,5.000000123569472,-0.02776343524608884,-0.499800304132444,-8.564459434673224e-08,0.018681488537415487,0.33620615279412414,5.762862303250436e-08,0.018681488537415487,0.33620615279412414,5.762862303250436e-08,navigate,0.5005708265046562
23.539999999999587,0.039509664910405466,3.7113035803101626,5.000000121879342,-0.027394501845299592,-0.4931605836198215,-8.450650926522659e-08,0.018446670039462335,0.33198602563112173,5.6904254075282667e-08,0.018446670039462335,0.33198602563112173,5.6904254075282667e-08,navigate,0.4939208640739954
23.559999999999587,0.038969060672795465,3.7015714938826494,5.000000120211687,-0.027030211880500227,-0.486604321375663,-8.338274825072101e-08,0.018214498239968343,0.327813112207924,5.618805072527887e-08,0.018214498239968343,0.327813112207924,5.618805072527887e-08,navigate,0.48735448898700134
23.579999999999586,0.03843565041508385,3.691968882261971,5.0000001185662235,-0.026670512885580568,-0.48013058103390677,-8.227314942772413e-08,0.01798494974598302,0.3236870170878121,5.5479941149843896e-08,0.01798494974598302,0.3236870170878121,5.5479941149843896e-08,navigate,0.4808707634089887
23.599999999999586,0.03790934335787566,3.6824941135792923,5.000000116942672,-0.026315352860409685,-0.47373843413393657,-8.1177552394208e-08,0.017758001258544126,0.31960734499850896,5.477985167580684e-08,0.017758001258544126,0.31960734499850896,5.477985167580684e-08,navigate,0.4744687574243942
23.619999999999585,0.03739004975249665,3.6731455743769854,5.0000001153407565,-0.025964680268950307,-0.4674269601153573,-8.009579818804949e-08,0.017533629572968893,0.3155737009289639,5.4087710307925555e-08,0.017533629572968893,0.3155737009289639,5.4087710307925555e-08,navigate,0.4681475490314555
23.639999999999585,0.03687768087174935,3.6639216694507675,5.000000113760202,-0.025618444037365063,-0.46119524631090325,-7.902772925421302e-08,0.01731181157926223,0.3115856902227026,5.340344669182375e-08,0.01731181157926223,0.3115856902227026,5.340344669182375e-08,navigate,0.4619062241350257
23.659999999999584,0.0363721490007071,3.6548208216920166,5.0000001122007385,-0.025276593552112456,-0.45504238793754576,-7.797318948371291e-08,0.017092524262630394,0.3076429186678757,5.272698852500565e-08,0.017092524262630394,0.3076429186678757,5.272698852500565e-08,navigate,0.45574387653758847
23.679999999999584,0.03587336742754649,3.645841471930299,5.000000110662098,-0.024939078658030658,-0.44896748808586306,-7.693202414663956e-08,0.01687574470408987,0.30374499258413473,5.205826685366738e-08,0.01687574470408987,0.30374499258413473,5.205826685366738e-08,navigate,0.4496596079285385
23.699999999999584,0.03538125043441834,3.6369820787761444,5.0000001091440165,-0.024605849656407434,-0.4429696577077339,-7.590407993249815e-08,0.01666145008116123,0.29989151890645743,5.139721070707034e-08,0.01666145008116123,0.29989151890645743,5.139721070707034e-08,navigate,0.44365252787178666
23.719999999999583,0.034895713288357645,3.6282411184640964,5.000000107646232,-0.024276857303034652,-0.43704801560241324,-7.488920492011201e-08,0.01644961766863917,0.2960821052660334,5.074375061930694e-08,0.01644961766863917,0.2960821052660334,5.074375061930694e-08,navigate,0.43772175379174927
23.739999999999583,0.03441667223223272,3.6196170846960753,5.000000106168487,-0.023952052806246057,-0.4312016884010468,-7.388724861925195e-08,0.016240224839429634,0.29231636006832273,5.009781504300309e-08,0.016240224839429634,0.29231636006832273,5.009781504300309e-08,navigate,0.43186641095777767
23.759999999999582,0.03394404447573398,3.611108488485082,5.0000001047105265,-0.023631387824937133,-0.42542981054967915,-7.289806187075289e-08,0.016033249065446217,0.2885938925683823,4.9459337424953026e-08,0.016033249065446217,0.2885938925683823,4.9459337424953026e-08,navigate,0.4260856324670826
23.779999999999582,0.03347774818640266,3.602713857999266,5.000000103272097,-0.023314814466565966,-0.41973152429080807,-7.192149696050111e-08,0.015828667918558335,0.2849143129435543,4.88282455125889e-08,0.015828667918558335,0.2849143129435543,4.88282455125889e-08,navigate,0.420378559226206
23.79999999999958,0.033017702480699976,3.5944317384063953,5.000000101852948,-0.023002285285134292,-0.41410597964353574,-7.095740752076832e-08,0.015626459071583693,0.2812772323636153,4.820447198663943e-08,0.015626459071583693,0.2812772323636153,4.820447198663943e-08,navigate,0.4147443399310907
23.81999999999958,0.03256382741511702,3.586260691718748,5.000000100452835,-0.02269375327914791,-0.4085523343823665,-7.00056485743369e-08,0.015426600299319039,0.27768226305846205,4.758794732157107e-08,0.015426600299319039,0.27768226305846205,4.758794732157107e-08,navigate,0.40918213104579815
23.83999999999958,0.032116043977325905,3.578199296638454,5.000000099071514,-0.02238917188955586,-0.40306975401469813,-6.90660764725917e-08,0.015229069479602576,0.27412901838341824,4.697860508726005e-08,0.015229069479602576,0.27412901838341824,4.697860508726005e-08,navigate,0.4036910967799192
23.85999999999958,0.03167427407737255,3.570246148403313,5.000000097708742,-0.022088494997667806,-0.39765741175705344,-6.81385489408189e-08,0.01503384459440259,0.27061711288223617,4.63763765886403e-08,0.01503384459440259,0.27061711288223617,4.63763765886403e-08,navigate,0.3982704090647275
23.87999999999958,0.031238440538911564,3.562399858633111,5.000000096364284,-0.021791676923049272,-0.392314488510096,-6.72229250885031e-08,0.014840903730926764,0.2671461623478717,4.5781192615790114e-08,0.014840903730926764,0.2671461623478717,4.5781192615790114e-08,navigate,0.3929192475281166
23.89999999999958,0.03080846709048368,3.5546590551764616,5.000000095037902,-0.021498672421394326,-0.38704017283247416,-6.631906531358834e-08,0.01465022508274735,0.26371578388109046,4.519298874573792e-08,0.01465022508274735,0.26371578388109046,4.519298874573792e-08,navigate,0.3876367994683661
23.91999999999958,0.030384278356836165,3.547022381958191,5.000000093729366,-0.021209436682375574,-0.3818336609135345,-6.542683138499245e-08,0.014461786950937592,0.2603255959469825,4.461169642979414e-08,0.014461786950937592,0.2603255959469825,4.461169642979414e-08,navigate,0.3824222598267784
23.93999999999958,0.02996579985028674,3.539488498827292,5.000000092438444,-0.020923925327471275,-0.37669415654494576,-6.454608645453216e-08,0.014275567745214886,0.2569752184294374,4.403724652301464e-08,0.014275567745214886,0.2569752184294374,4.403724652301464e-08,navigate,0.37727483115922517
23.959999999999578,0.02955295796213135,3.5320560814054662,5.000000091164909,-0.020642094407769537,-0.3716208710912729,-6.367669492725295e-08,0.014091545985086973,0.2536642726836426,4.346957636396031e-08,0.014091545985086973,0.2536642726836426,4.346957636396031e-08,navigate,0.37219372360664515
23.979999999999578,0.029145679954096358,3.5247238209362752,5.000000089908539,-0.02036390040174959,-0.3666130234595396,-6.281852251000415e-08,0.01390970030099744,0.25039238158666327,4.2908620862440095e-08,0.01390970030099744,0.25039238158666327,4.2908620862440095e-08,navigate,0.36717815486453065
23.999999999999577,0.028743893949835553,3.5174904241349187,5.00000008866911,-0.020089300213040253,-0.3616698400678165,-6.197143633152905e-08,0.01373000943546679,0.2471591695861562,4.235430892375501e-08,0.01373000943546679,0.2471591695861562,4.235430892375501e-08,navigate,0.36222735015143936
24.019999999999577,0.028347528926472437,3.510354613038661,5.000000087446404,-0.019818251168155724,-0.3567905548128712,-6.113530470768613e-08,0.01355245224422641,0.24396426274726615,4.180658119214591e-08,0.01355245224422641,0.24396426274726615,4.180658119214591e-08,navigate,0.357340542176569
24.039999999999576,0.02795651470618826,3.503315124857923,5.000000086240204,-0.01955071101420888,-0.351974409036916,-6.030999729812237e-08,0.01337700769734218,0.24080728879775784,4.1265370478187876e-08,0.01337700769734218,0.24080728879775784,4.1265370478187876e-08,navigate,0.35251697110642916
24.059999999999576,0.027570781947856213,3.496370711828053,5.000000085050297,-0.019286637916602376,-0.34722065149348746,-5.949538505013822e-08,0.013203654880325159,0.2376878771714272,4.07306123992074e-08,0.013203654880325159,0.2376878771714272,4.07306123992074e-08,navigate,0.3477558845306453
24.079999999999576,0.027185317471197297,3.489431128719175,4.996076083861216,-0.019273223832945757,-0.3469791554439126,-0.19620005945400534,0.0006707041828310342,0.012074802478742467,-9.809999997931014,0.0006707041828310342,0.012074802478742467,-9.809999997931014,navigate,0.39907449780616266
24.099999999999575,0.02680016065262327,3.4824970844315852,4.991370414609744,-0.01925784092870128,-0.34670221437949666,-0.23528346257361304,0.0007691452122238594,0.01384705322079859,-1.954170155980385,0.0007691452122238594,0.01384705322079859,-1.954170155980385,landing,0.41944200749747323
24.119999999999575,0.026415326935947614,3.4755688570029073,4.985883892868986,-0.019241685833782878,-0.34641137143389034,-0.27432608703786737,0.000807754745920147,0.014542147280315543,-1.9521312232127164,0.000807754745920147,0.014542147280315543,-1.9521312232127164,landing,0.4422961482558291
24.139999999999574,0.026030833640213167,3.4686467582308413,4.979617424463095,-0.019224664786722415,-0.3461049386032959,-0.31332342029454147,0.0008510523530230918,0.015321641529722903,-1.9498666628337056,0.0008510523530230918,0.015321641529722903,-1.9498666628337056,landing,0.46725772542230154
24.159999999999574,0.025646699659404328,3.46173112826703,4.972572012168752,-0.019206699040441914,-0.3457814981905575,-0.35227061471716475,0.0008982873140250131,0.016172020636920137,-1.9473597211311635,0.0008982873140250131,0.016172020636920137,-1.9473597211311635,landing,0.49399223452615704
24.179999999999573,0.025262945197002565,3.454822330838217,4.964748760632333,-0.019187723120088197,-0.3454398714406596,-0.3911625768209207,0.0009487960176859299,0.01708133749489558,-1.9445981051877963,0.0009487960176859299,0.01708133749489558,-1.9445981051877963,landing,0.5222116764346191
24.199999999999573,0.024879591536723103,3.4479207491187784,4.956148879882515,-0.01916768301397319,-0.3450790859719148,-0.4299940374909204,0.0010020053057504556,0.01803927343723861,-1.941573033499986,0.0010020053057504556,0.01803927343723861,-1.941573033499986,landing,0.5516718661714402
24.219999999999573,0.02449666084730198,3.4410267822162734,4.946773687757221,-0.019146534471056187,-0.34469834512524505,-0.46875960626470997,0.0010574271458501203,0.019037042333486107,-1.938278438689479,0.0010574271458501203,0.019037042333486107,-1.938278438689479,landing,0.582167593893528
24.239999999999572,0.02411417601755703,3.4341408422020168,4.936624611498011,-0.019124241487247357,-0.34429700071284375,-0.5074538129605227,0.0011146491904414275,0.020067220620064483,-1.9347103347906394,0.0011146491904414275,0.020067220620064483,-1.9347103347906394,landing,0.6135271253991103
24.25999999999957,0.023732160517448288,3.4272633516097253,4.925703188705966,-0.019100775005437137,-0.343874529614582,-0.5460711396022457,0.0011733240905109276,0.021123554913088646,-1.930866332086151,0.0011733240905109276,0.021123554913088646,-1.930866332086151,landing,0.6456068627500436
24.27999999999957,0.02335063828099664,3.4203947413276836,4.914011067804932,-0.01907611182258243,-0.34343051410209374,-0.5846060450516919,0.001233159142735472,0.022200775624411726,-1.926745272472305,0.001233159142735472,0.022200775624411726,-1.926745272472305,landing,0.6782865500433256
24.29999999999957,0.022969633607348047,3.4135354488175853,4.901550008120595,-0.019050233682429668,-0.3429646255049139,-0.6230529842168268,0.0012939070076380132,0.023294429858991487,-1.9223469582567412,0.0012939070076380132,0.023294429858991487,-1.9223469582567412,landing,0.711465155079695
24.31999999999957,0.0225891710767979,3.4066859166027057,4.888321879655781,-0.01902312652750732,-0.3424766107439705,-0.6614064232407494,0.0013553577461174254,0.02440073804717031,-1.9176719511961307,0.0013553577461174254,0.02440073804717031,-1.9176719511961307,landing,0.7450574239303169
24.33999999999957,0.02220927547911358,3.3998465909774804,4.8743286626216005,-0.01899477988421595,-0.34196628126125594,-0.6996608517090079,0.0014173321645685078,0.025516474135728856,-1.912721423412928,0.0014173321645685078,0.025516474135728856,-1.912721423412928,landing,0.7789910439771928
24.35999999999957,0.021829971751965747,3.393017920899073,4.8595724467689125,-0.018965186357391705,-0.34143350392036653,-0.7378107926344024,0.0014796763412122365,0.026638867044470414,-1.9074970462697225,0.0014796763412122365,0.026638867044470414,-1.9074970462697225,landing,0.8132043295634342
24.37999999999957,0.021451284927684184,3.3862003570288115,4.844055430553463,-0.01893434121407809,-0.3408781935130744,-0.7758508107724645,0.0015422571656808313,0.02776552036460559,-1.9020009069031072,0.0015422571656808313,0.02776552036460559,-1.9020009069031072,landing,0.8476443432632809
24.39999999999957,0.021073240086891563,3.379394350897449,4.827779920160053,-0.018902242039631027,-0.3403003065681281,-0.8137755196705295,0.0016049587223530095,0.028894347247316352,-1.8962354449032488,0.0016049587223530095,0.028894347247316352,-1.8962354449032488,landing,0.882265373807409
24.41999999999957,0.0206958623178445,3.3726003541731737,4.810748328405165,-0.018868888452353242,-0.33969983621376587,-0.8515795877444147,0.001667679363889319,0.030023517718110543,-1.8902034036942559,0.001667679363889319,0.030023517718110543,-1.8902034036942559,landing,0.9170277029283433
24.439999999999568,0.020319176680534807,3.365818818015318,4.792963173533205,-0.018834281865484696,-0.3390768078927894,-0.8892577435979948,0.001730329343427264,0.03115141604882442,-1.883907792679007,0.001730329343427264,0.03115141604882442,-1.883907792679007,landing,0.9518966048753137
24.459999999999567,0.019943208174783632,3.3590501924999514,4.774427077918324,-0.018798425287558658,-0.33843127576833915,-0.9268047807440147,0.0017928288963019571,0.032276606222510516,-1.8773518573009984,0.0017928288963019571,0.032276606222510516,-1.8773518573009984,landing,0.9868415327809419
24.479999999999567,0.019567981711705446,3.352294926106141,4.755142766681461,-0.018761323153909375,-0.33776331969049866,-0.9642155618431785,0.0018551066824642405,0.03339780389202375,-1.8705390549581868,0.0018551066824642405,0.03339780389202375,-1.8705390549581868,landing,1.0218354549903756
24.499999999999567,0.019193522088034508,3.3455534652537495,4.7351130662304906,-0.018722981183546983,-0.33707304261958865,-1.0014850225484888,0.0019170985181196458,0.034513853545500045,-1.8634730352655173,0.0019170985181196458,0.034513853545500045,-1.8634730352655173,landing,1.0568543118491658
24.519999999999566,0.018819853962899348,3.3388262538852977,4.714340902730094,-0.01868340625675798,-0.3363605684225874,-1.0386081750198233,0.0019787463394502426,0.03562370985006299,-1.8561576235667268,0.0019787463394502426,0.03562370985006299,-1.8561576235667268,landing,1.0918765694330697
24.539999999999566,0.018447001836705345,3.3321137330857877,4.692829300506943,-0.018642606309700074,-0.3356260399755038,-1.0755801111575718,0.0020399973528953254,0.0367264223541812,-1.8485968068874212,0.0020399973528953254,0.0367264223541812,-1.8485968068874212,landing,1.1268828514967255
24.559999999999565,0.018074990031845647,3.325416340735436,4.670581380395098,-0.01860059024298486,-0.3348696175175755,-1.112396005592223,0.0021008033357605665,0.03782112289641497,-1.8407947217325589,0.0021008033357605665,0.03782112289641497,-1.8407947217325589,landing,1.1618556347288969
24.579999999999565,0.017703842675009275,3.318734511191165,4.647600358025939,-0.018557367841818672,-0.33409147721355087,-1.1490511184579286,0.0021611200583095303,0.03890701520123056,-1.8327556432852756,0.0021611200583095303,0.03890701520123056,-1.8327556432852756,landing,1.1967789954195243
24.599999999999564,0.017333583680894635,3.312068674993393,4.62388954206651,-0.018512949705731946,-0.33329180988859514,-1.1855407979714612,0.002220906804336234,0.03998336624778583,-1.8244839756766238,0.002220906804336234,0.03998336624778583,-1.8244839756766238,landing,1.231638398029402
24.619999999999564,0.01696423673716873,3.3054192585952538,4.599452332409849,-0.018467347186295214,-0.33247081990698013,-1.221860482833037,0.002280125971836658,0.04104949908075093,-1.815984243078793,0.002280125971836658,0.04104949908075093,-1.815984243078793,landing,1.26642051803921
24.639999999999564,0.016595825290538446,3.298786684111833,4.574292218320614,-0.018420572331514257,-0.33162872417102107,-1.258005704461755,0.0023387427390477934,0.042104786797951876,-1.8072610814358943,0.0023387427390477934,0.042104786797951876,-1.8072610814358943,landing,1.3011130929472028
24.659999999999563,0.016228372533821766,3.2921713690874133,4.548412776539102,-0.018372637835834028,-0.3307657512209885,-1.2939720890756001,0.002396724784011418,0.0431486475016292,-1.798319230692254,0.002396724784011418,0.0431486475016292,-1.798319230692254,landing,1.3357047964683306
24.679999999999563,0.01586190139392433,3.28557372627901,4.521817669346626,-0.01832355699487183,-0.32988214042016184,-1.3297553596238512,0.0024540420481099045,0.0441805400413325,-1.7891635274125572,0.0024540420481099045,0.0441805400413325,-1.7891635274125572,landing,1.3701851319283425
24.699999999999562,0.015496434520641228,3.2789941634547706,4.494510642595063,-0.018273343664155,-0.32897814121197705,-1.3653513375781339,0.002510666535841496,0.04519996040924035,-1.779798897714137,0.002510666535841496,0.04519996040924035,-1.779798897714137,landing,1.404544341596361
24.719999999999562,0.015131994276215949,3.272433083206001,4.46649552370332,-0.01822201222126393,-0.3280540124384807,-1.4007559445871611,0.0025665721445534617,0.0462064386748171,-1.7702303504513606,0.0025665721445534617,0.0462064386748171,-1.7702303504513606,landing,1.438773329299181
24.73999999999956,0.014768602725598275,3.265890882771778,4.437776219623334,-0.018169577530883694,-0.32711002171114856,-1.4359652039993025,0.0026217345190118267,0.04719953636660677,-1.760462970607071,0.0026217345190118267,0.04719953636660677,-1.760462970607071,landing,1.472863594141792
24.75999999999956,0.014406281627351247,3.2593679538752456,4.408356714778205,-0.018116054912351343,-0.326146444826634,-1.4709752422564526,0.00267613092661753,0.048178844225728185,-1.7505019128575032,0.00267613092661753,0.048178844225728185,-1.7505019128575032,landing,1.5068071735461275
24.77999999999956,0.014045052425164153,3.2528646825708205,4.378241068974962,-0.01806146010935477,-0.32516356522125134,-1.5057822901621711,0.0027297401498286565,0.049143980269133844,-1.7403523952859221,0.0027297401498286565,0.049143980269133844,-1.7403523952859221,landing,1.5405965941331656
24.79999999999956,0.013684936239934239,3.2463814491016403,4.347433415294428,-0.01800580926149568,-0.32416167345901925,-1.5403826840267114,0.0027825423929543993,0.05009458811160573,-1.7300196932270118,0.0027825423929543993,0.05009458811160573,-1.7300196932270118,landing,1.5742248292274672
24.81999999999956,0.013325953862384717,3.2399186277666616,4.315937957960602,-0.01794911887747612,-0.323141066748933,-1.5747728666912977,0.002834519200978039,0.051030335504311464,-1.71950913322931,0.002834519200978039,0.051030335504311464,-1.71950913322931,landing,1.6076852619699056
24.83999999999956,0.012968125746190582,3.233476586796905,4.283758970191926,-0.01789140580970679,-0.322102048487834,-1.6089493884338384,0.002885653388466417,0.05195091305494931,-1.70882608712703,0.002885653388466417,0.05195091305494931,-1.70882608712703,landing,1.640971653193171
24.85999999999956,0.012611472001587227,3.2270556882403882,4.250900792036763,-0.01783268723016778,-0.32104492782582605,-1.6429089077581536,0.002935928976950446,0.0528560331003988,-1.697975966215758,0.002935928976950446,0.0528560331003988,-1.697975966215758,landing,1.6740781133530263
24.87999999999956,0.012256012389439644,3.2206562878553546,4.217367828195388,-0.017772980607379193,-0.3199700192516736,-1.6766481920687322,0.0029853311394293885,0.05374542870762174,-1.6869642155289346,0.0029853311394293885,0.05374542870762174,-1.6869642155289346,landing,1.7069990779221105
24.899999999999558,0.01190176631575241,3.214278735011434,4.183164545830728,-0.017712303684361747,-0.318877642196023,-1.71016411823301,0.0030338461508723834,0.05461885278253269,-1.6757963082138898,0.0030338461508723834,0.05461885278253269,-1.6757963082138898,landing,1.7397292857470643
24.919999999999558,0.011548752826602685,3.2079233725984215,4.148295472370065,-0.017650674457486287,-0.3177681206506262,-1.7434536730331625,0.003081461343772976,0.05547607726983951,-1.6644777400076225,0.003081461343772976,0.05547607726983951,-1.6644777400076225,landing,1.7722637599475592
24.939999999999557,0.011196990603480145,3.2015905369423807,4.112765193299876,-0.017588111156127018,-0.3166417828020347,-1.776513953509434,0.0031281650679634994,0.05631689242957485,-1.6530140238135862,0.0031281650679634994,0.05631689242957485,-1.6530140238135862,landing,1.8045977910004796
24.959999999999557,0.010846497959019213,3.1952805577288115,4.076578349955935,-0.017524632223046583,-0.31549896067846867,-1.8093421671970649,0.0031739466540217707,0.057141106178300545,-1.6414106843815344,0.0031739466540217707,0.057141106178300545,-1.6414106843815344,landing,1.8367269217064137
24.979999999999556,0.010497292833110164,3.188993757932636,4.039739637310756,-0.017460256295452437,-0.3143399898087716,-1.841935632258926,0.003218796379707338,0.05794854348485367,-1.6296732530930522,0.003218796379707338,0.05794854348485367,-1.6296732530930522,landing,1.868646933780689
24.999999999999556,0.010149392789376696,3.1827304537547856,4.002253801760435,-0.01739500218667339,-0.31316520889252997,-1.874291777516042,0.003262705438952217,0.058739045812081406,-1.617807262855796,0.003262705438952217,0.058739045812081406,-1.617807262855796,landing,1.9003538358490033
25.019999999999555,0.00980281501200843,3.176490954565174,3.9641256389128707,-0.0173288888684133,-0.31197495948058324,-1.9064081423782362,0.0033056659130046586,0.05951247059733738,-1.6058182431097139,0.0033056659130046586,0.05951247059733738,-1.6058182431097139,landing,1.9318438526595163
25.039999999999555,0.00945757630293752,3.1702755628518684,3.9253599913793265,-0.01726193545354557,-0.3107695856652707,-1.9382823766772093,0.003347670743386416,0.060268690765626645,-1.5937117149486553,0.003347670743386416,0.060268690765626645,-1.5937117149486553,landing,1.9631134153501213
25.059999999999555,0.009113693079349158,3.164084574176271,3.8859617465712377,-0.017194161179418046,-0.3095494337798661,-1.9699122404044258,0.0033887137063763196,0.06100759427022917,-1.581493186360825,0.0033887137063763196,0.06100759427022917,-1.581493186360825,landing,1.9941591526323277
25.079999999999554,0.008771181371516308,3.157918277134136,3.845935834504113,-0.017125585391642502,-0.30831485210673754,-2.001295603356256,0.0034287893887771956,0.06172908365642746,-1.5691681475915058,0.0034287893887771956,0.06172908365642746,-1.5691681475915058,landing,2.0249778827724727
25.099999999999554,0.008430056820949362,3.1517769533222593,3.805287225610335,-0.017056227528347286,-0.3070661905938447,-2.0324304446888837,0.0034678931647607425,0.06243307564464095,-1.5567420666313787,0.0034678931647607425,0.06243307564464095,-1.5567420666313787,landing,2.0555666062673734
25.119999999999553,0.008090334678851863,3.1456608773106742,3.764020928562624,-0.01698610710487495,-0.30580380057924783,-2.0633148523855565,0.0035060211736168984,0.06311950072984399,-1.544220384833638,0.0035060211736168984,0.06311950072984399,-1.544220384833638,landing,2.085922499125536
25.139999999999553,0.007752029804873668,3.139570316620207,3.722141988109848,-0.016915243698909718,-0.30452803452335514,-2.093947022638815,0.003543170298261478,0.06378830279463517,-1.531608512662908,0.003543170298261478,0.06378830279463517,-1.531608512662908,landing,2.116042906676991
25.159999999999553,0.0074151566661532255,3.133505531705233,3.67965548292684,-0.016843656936022137,-0.3032392457486803,-2.1243252591503903,0.003579338144379058,0.06443943873374315,-1.5189118255787728,0.003579338144379058,0.06443943873374315,-1.5189118255787728,landing,2.1459253378450938
25.179999999999552,0.007079729336640822,3.1274667759414947,3.63656652347981,-0.016771366475620178,-0.301937788186918,-2.15444797235152,0.0036145230200980163,0.06507287808811281,-1.506135660056483,0.0036145230200980163,0.06507287808811281,-1.506135660056483,landing,2.1755674598224353
25.19999999999955,0.006745761496694863,3.121454295618831,3.5928802499088808,-0.016698391997297946,-0.3006240161331776,-2.184313678546463,0.003648723916111614,0.06568860268702177,-1.4932853097471606,0.003648723916111614,0.06568860268702177,-1.4932853097471606,landing,2.204967093100602
25.21999999999955,0.006413266432943373,3.1154683299386865,3.5486018299292397,-0.016624753187574472,-0.2992982840072388,-2.213920998982054,0.0036819404861736403,0.0662866062969401,-1.480366021779552,0.0036819404861736403,0.0662866062969401,-1.480366021779552,landing,2.2341222068100755
25.23999999999955,0.006082257038403047,3.1095091110162523,3.5037364567523164,-0.01655046972701628,-0.29796094612171736,-2.243268658846156,0.003714173027909672,0.0668668942760721,-1.4673829932051046,0.003714173027909672,0.0668668942760721,-1.4673829932051046,landing,2.263030914332229
25.25999999999955,0.00575274581284828,3.1035768638871115,3.458289347028358,-0.016475561277738363,-0.2966123564570431,-2.272355486197913,0.003745422463895753,0.06742948323371262,-1.4543413675878547,0.003745422463895753,0.06742948323371262,-1.4543413675878547,landing,2.2916914691502805
25.27999999999955,0.005424744863422699,3.0976718065182482,3.412265738811704,-0.01640004747127905,-0.2952528684431688,-2.30118041083272,0.0037756903229655705,0.06797440069371678,-1.4412462317403403,0.0037756903229655705,0.06797440069371678,-1.4412462317403403,landing,2.32010226091033
25.29999999999955,0.005098265905485804,3.0917941498232895,3.365670889550007,-0.01632394789684475,-0.29388283474793825,-2.3297424630848487,0.0038049787217151274,0.06850168476152561,-1.4281026126064442,0.0038049787217151274,0.06850168476152561,-1.4281026126064442,landing,2.3482618116673195
25.31999999999955,0.004773320263687381,3.0859440976818484,3.3185100740985933,-0.016247282089921135,-0.292502607072052,-2.3580407725706847,0.003833290346180758,0.0690113837943121,-1.4149154742918086,0.003833290346180758,0.0690113837943121,-1.4149154742918086,landing,2.3761687722939646
25.33999999999955,0.004449918873262427,3.080121846962837,3.270788582761083,-0.016170069521247693,-0.2911125359505736,-2.3860745668755277,0.0038606284336721625,0.06950355607391819,-1.4016897152421601,0.0038606284336721625,0.06950355607391819,-1.4016897152421601,landing,2.4038219190335486
25.35999999999955,0.0041280722815393725,3.0743275875516183,3.2225117193573447,-0.01609232958615275,-0.28971297056092676,-2.41384317018692,0.0038869967547471526,0.06997826948234308,-1.3884301655696123,0.0038869967547471526,0.06997826948234308,-1.3884301655696123,landing,2.431220150179902
25.379999999999548,0.003807790649654445,3.0685615023808714,3.1736847993197954,-0.01601408159424637,-0.2883042585373344,-2.441346001877455,0.0039123995953190775,0.0704356011796202,-1.3751415845267423,0.0039123995953190775,0.0704356011796202,-1.3751415845267423,landing,2.4583624828700716
25.399999999999547,0.003489083754465074,3.0628237674650385,3.124313147818995,-0.01593534475946854,-0.2868867457916547,-2.4685825750400143,0.0039368417388915425,0.07087563728398565,-1.3618286581279615,0.0039368417388915425,0.07087563728398565,-1.3618286581279615,landing,2.4852480499770473
25.419999999999547,0.0031719609906552706,3.057114551938227,3.0744020979194278,-0.015856138190490178,-0.28546077634056877,-2.495552494978363,0.003960328448918115,0.07129847255429707,-1.3484959969174484,0.003960328448918115,0.07129847255429707,-1.3484959969174484,landing,2.511876097091576
25.439999999999547,0.002856431373025982,3.0514340180954456,3.0239569887663076,-0.01577648088146443,-0.2840266921390746,-2.5222554576560166,0.003982865451287315,0.07170421007470791,-1.3351481338826603,0.003982865451287315,0.07170421007470791,-1.3351481338826603,landing,2.538245979583545
25.459999999999546,0.0025425035389634674,3.0457823214370405,2.9729831638041824,-0.015696391703125725,-0.2825848329202418,-2.5486912481062607,0.0040044589169353755,0.07209296094164194,-1.321789522512196,0.0040044589169353755,0.07209296094164194,-1.321789522512196,landing,2.5643571597346786
25.479999999999546,0.0022301857510787894,3.0401596107162168,2.9214859690280583,-0.015615889394233903,-0.28113553604117886,-2.574859738806192,0.004025115444591046,0.072464843953145,-1.3084245349965593,0.004025115444591046,0.072464843953145,-1.3084245349965593,landing,2.590209203935432
25.499999999999545,0.0019194859000115747,3.0345660279895137,2.8694707512677065,-0.015534992553360738,-0.2796791363351645,-2.6007608880175948,0.004044842043658235,0.07281998530071827,-1.2950574605701417,0.004044842043658235,0.07281998530071827,-1.2950574605701417,landing,2.6158017799399262
25.519999999999545,0.0016104115073912572,3.029001708670116,2.8169428565057575,-0.01545371963101587,-0.27821596596988935,-2.6263947380974457,0.004063646117243452,0.07315851826375847,-1.2816925039925429,0.004063646117243452,0.07315851826375847,-1.2816925039925429,landing,2.6411346541736456
25.539999999999544,0.0013029697289490742,3.0234667815838807,2.763907628230142,-0.01537208892210915,-0.27674635431175443,-2.651761413780789,0.004081535445335958,0.07348058290674706,-1.2683337841671518,0.004081535445335958,0.07348058290674706,-1.2683337841671518,landing,2.666207689089386
25.559999999999544,0.000997167357774151,3.017961369027957,2.7103704058213682,-0.015290118558746164,-0.2752706277961675,-2.676861120438683,0.004098518168149319,0.07378632577934552,-1.2549853328947118,0.004098518168149319,0.07378632577934552,-1.2549853328947118,landing,2.691020840567586
25.579999999999544,0.0006930108277070811,3.0124855868318816,2.656336522975091,-0.015207826503353493,-0.2737891098037763,-2.701694142313872,0.004114602769633515,0.07407589961956099,-1.2416510937594403,0.004114602769633515,0.07407589961956099,-1.2416510937594403,landing,2.7155741553577926
25.599999999999543,0.00039050621686447814,3.0070395444210303,2.6018113061603554,-0.01512523054213015,-0.2723021205425732,-2.726260840736774,0.004129798061167202,0.07434946306015518,-1.2283349211450907,0.004129798061167202,0.07434946306015518,-1.2283349211450907,landing,2.7398677685584967
25.619999999999543,8.96592512880511e-05,3.001623344882314,2.5468000731138685,-0.015042348278821352,-0.2708099769358037,-2.750561652324338,0.004144113165439895,0.07460718033847268,-1.2150405793782122,0.004144113165439895,0.07460718033847268,-1.2150405793782122,landing,2.763901901133053
25.639999999999542,-0.00020952469128816234,2.996237085032002,2.4913081313705834,-0.014959197128810673,-0.26931299251560636,-2.7745970871642522,0.004157557500533984,0.07484922100986661,-1.2017717419957088,0.004157557500533984,0.07484922100986661,-1.2017717419957088,landing,2.787676857459774
25.659999999999542,-0.0005070405775586893,2.990880855485556,2.435340776830845,-0.014875794313526345,-0.26781147732230837,-2.798367726986926,0.004170140764216421,0.07507575966489932,-1.1885319911336911,0.004170140764216421,0.07507575966489932,-1.1885319911336911,landing,2.811193022914647
25.67999999999954,-0.0008028837146618363,2.98555474072937,2.3789032923642925,-0.014792156855157348,-0.2663057378092985,-2.8218742233276157,0.0041818729184498644,0.07528697565049375,-1.175324817034483,0.0041818729184498644,0.07528697565049375,-1.175324817034483,landing,2.834450861485416
25.69999999999954,-0.0010970497460953302,2.980258819194302,2.322000946450673,-0.014708301571674692,-0.26479607675339434,-2.845117295680987,0.004192764174132815,0.07548305279520755,-1.162153617668555,0.004192764174132815,0.07548305279520755,-1.162153617668555,landing,2.8574509134160477
25.71999999999954,-0.0013895346475383927,2.9749931633308893,2.264638991857666,-0.014624245072153132,-0.26328279317061837,-2.8680977296503483,0.004202824976078054,0.07566417913879726,-1.1490216984680566,0.004202824976078054,0.07566417913879726,-1.1490216984680566,landing,2.8801937928808083
25.73999999999954,-0.00168033472258616,2.9697578396861433,2.2068226643557916,-0.014540003752388366,-0.2617661822372937,-2.8908163750937192,0.00421206598823832,0.07583054666623368,-1.1359322721685525,0.00421206598823832,0.07583054666623368,-1.1359322721685525,landing,2.902680185687393
25.75999999999954,-0.0019694465984022524,2.964552908981816,2.148557181470415,-0.01445559379080461,-0.26024653521636726,-2.913274144268829,0.004220498079187806,0.07598235104632278,-1.1228884587554804,0.004220498079187806,0.07598235104632278,-1.1228884587554804,landing,2.9249108470087157
25.77999999999954,-0.0022568672212951975,2.959378426194039,2.089847741270834,-0.014371031144647257,-0.2587241393888657,-2.935472009979065,0.0042281323078676245,0.07611979137507884,-1.1098932855118067,0.0042281323078676245,0.07611979137507884,-1.1098932855118067,landing,2.946886599143103
25.79999999999954,-0.0025425938522243017,2.954234440634231,2.030699521196387,-0.014286331546455198,-0.25719927799038594,-2.957411003722331,0.004234979909602917,0.07624306992398805,-1.0969496871633022,0.004234979909602917,0.07624306992398805,-1.0969496871633022,landing,2.968608329302765
25.81999999999954,-0.002826624062240446,2.9491209960311804,1.9711176769194934,-0.014201510500807223,-0.2556722301525201,-2.9790922138446874,0.004241052282398776,0.07635239189329171,-1.0840605061178235,0.004241052282398776,0.07635239189329171,-1.0840605061178235,landing,2.9900769874305424
25.839999999999538,-0.003108955727867182,2.944038130614198,1.9111073412454815,-0.01411658328133679,-0.2541432708491119,-3.0005167837005864,0.004246360973521688,0.07644796517040957,-1.071228492794949,0.004246360973521688,0.07644796517040957,-1.071228492794949,landing,3.0112935840449593
25.859999999999538,-0.003389587026427369,2.9389858771972532,1.8506736230490528,-0.014031564928009338,-0.25261267084723965,-3.0216859098214326,0.004250917666372581,0.07653000009361312,-1.0584563060423204,0.004250917666372581,0.07653000009361312,-1.0584563060423204,landing,3.032259188113754
25.879999999999537,-0.003668516431320493,2.933964263263997,1.7898216062471701,-0.013946470244656195,-0.2510806966628187,-3.0426008400941327,0.004254734167657102,0.0765987092210498,-1.0457465136350088,0.004254734167657102,0.0765987092210498,-1.0457465136350088,landing,3.0529749249560654
25.899999999999537,-0.003945742707255674,2.9289733110535825,1.7285563488081457,-0.013861313796759032,-0.2495476105207145,-3.0632628719512174,0.004257822394858125,0.07665430710520856,-1.033101592854235,0.004257822394858125,0.07665430710520856,-1.033101592854235,landing,3.0734419741735146
25.919999999999536,-0.004221264905445248,2.9240130376471973,1.6668828817966646,-0.013776109909478734,-0.24801367031925636,-3.083673350574053,0.004260194364014966,0.07669701007290682,-1.0205239311417817,0.004260194364014966,0.07669701007290682,-1.0205239311417817,landing,3.09366156761047
25.939999999999536,-0.004495082358763698,2.9190834550552167,1.604806208454453,-0.01369087266592247,-0.24647912959903898,-3.1038336671105817,0.004261862177813212,0.0767270360108697,-1.008015826826444,0.004261862177813212,0.0767270360108697,-1.008015826826444,landing,3.113634987343792
25.959999999999535,-0.004767194676876552,2.9141845703048985,1.5423313033162738,-0.0136056159056427,-0.24494423751589975,-3.1237452569089594,0.0042628380139884976,0.07674460415696126,-0.9955794899188907,0.0042628380139884976,0.07674460415696126,-0.9955794899188907,landing,3.133363563702374
25.979999999999535,-0.005037601741343787,2.9093163855285393,1.479463111360906,-0.013520353223361758,-0.2434092388179574,-3.143409597768386,0.0042631341140470305,0.07674993489711804,-0.9832170429713353,0.0042631341140470305,0.07674993489711804,-0.9832170429713353,landing,3.1528486733168193
25.999999999999535,-0.0053063037007021,2.9044788980520075,1.4162065471967389,-0.013435097967915657,-0.24187437382659688,-3.162828208208355,0.00426276277230509,0.07674324956802538,-0.9709305219984585,0.00426276277230509,0.07674324956802538,-0.9709305219984585,landing,3.1720917371995867
26.019999999999534,-0.0055733009655303135,2.8996721004835817,1.3525664942815894,-0.013349863241410673,-0.24033987842128554,-3.182002645757476,0.004261736325249222,0.0767247702655672,-0.9587218774560498,0.004261736325249222,0.0767247702655672,-0.9587218774560498,landing,3.191094218855924
26.039999999999534,-0.00583859420350204,2.8948959808030197,1.2885478041763303,-0.013264661898586307,-0.23880598402810413,-3.2009345052629543,0.004260067141218281,0.07669471965907,-0.946592975273906,0.004260067141218281,0.07669471965907,-0.946592975273906,landing,3.20985762242594
26.059999999999533,-0.006102184334429603,2.890150522450782,1.2241552958318953,-0.013179506546378146,-0.23727291761187705,-3.2196254172217453,0.00425776761040802,0.07665332081135373,-0.9345455979395498,0.00425776761040802,0.07665332081135373,-0.9345455979395498,landing,3.228383490858104
26.079999999999533,-0.006364072525303087,2.8854357044173464,1.1593937549092086,-0.01309440954367418,-0.2357409016717852,-3.238077046134334,0.004254850135198352,0.07660079700459191,-0.9225814456294179,0.004254850135198352,0.07660079700459191,-0.9225814456294179,landing,3.2466734041144907
26.099999999999532,-0.006624260185328249,2.8807515013325395,1.0942679331315683,-0.01300938300125812,-0.2342101542403457,-3.256291088882018,0.004251327120802993,0.07653737157197543,-0.9107021373842046,0.004251327120802993,0.07653737157197543,-0.9107021373842046,landing,3.2647289774080477
26.119999999999532,-0.006882748960966916,2.8760978835548268,1.028782547668998,-0.012924438781933306,-0.23268088888564237,-3.27426927312852,0.004247210966240706,0.0764632677351665,-0.8989092123251268,0.004247210966240706,0.0764632677351665,-0.8989092123251268,landing,3.2825518594721403
26.13999999999953,-0.007139540730983331,2.871474817260493,0.9629422805540644,-0.012839588500820768,-0.23115331471669198,-3.292013355746679,0.004242514055626902,0.07637870844751958,-0.8872041309079481,0.004242514055626902,0.07637870844751958,-0.8872041309079481,landing,3.3001437308626262
26.15999999999953,-0.0073946376014998325,2.8668822645326566,0.8967517781286461,-0.012754843525825088,-0.22962763639183117,-3.3095251212709123,0.004237248749783953,0.07628391624304068,-0.8755882762116558,0.004237248749783953,0.07628391624304068,-0.8755882762116558,landing,3.3175063022926596
26.17999999999953,-0.007648041901065067,2.8623201834500565,0.8302156505211244,-0.012670214978261726,-0.22810405413001025,-3.326806380376088,0.004231427378168146,0.07617911309104673,-0.8640629552587866,0.004231427378168146,0.07617911309104673,-0.8640629552587866,landing,3.3346413130004238
26.19999999999953,-0.007899756175737857,2.857788528175559,0.7633384711534569,-0.012585713733639509,-0.22658276372488062,-3.343858968383377,0.004225062231110832,0.07606452025648171,-0.8526294003644492,0.004225062231110832,0.07606452025648171,-0.8526294003644492,landing,3.351550529149953
26.21999999999953,-0.008149783184189699,2.8532872490443277,0.6961247762775848,-0.01250135042259209,-0.22506395656156386,-3.360684743793601,0.004218165552370933,0.07594035816583826,-0.8412887705111871,0.004218165552370933,0.07594035816583826,-0.8412887705111871,landing,3.368235742265169
26.23999999999953,-0.008398125892828743,2.848816292651608,0.6285790645406141,-0.012417135431952176,-0.22354781963599132,-3.377285586848539,0.004210749531995645,0.0758068462786275,-0.8300421527469128,0.004210749531995645,0.0758068462786275,-0.8300421527469128,landing,3.384698767697241
26.25999999999953,-0.008644787470947992,2.844375601940074,0.560705796578202,-0.01233307890596246,-0.22203453557670463,-3.3936633981206032,0.004202826299485828,0.0756642029643345,-0.8188905636032093,0.004202826299485828,0.0756642029643345,-0.8188905636032093,landing,3.4009414431253506
26.27999999999953,-0.008889771285900336,2.839965116286694,0.4925093946355773,-0.012249190747617215,-0.22052428266900884,-3.4098200971312314,0.00419440791726228,0.0755126453847905,-0.8078349505314031,0.00419440791726228,0.0755126453847905,-0.8078349505314031,landing,3.4169656270908977
26.299999999999528,-0.009133080898302908,2.8355847715890663,0.4239942422156111,-0.012165480620128639,-0.21901723488137106,-3.425757620998309,0.004185506374428788,0.07535238938188801,-0.7968761933538835,0.004185506374428788,0.07535238938188801,-0.7968761933538835,landing,3.4327731975651687
26.319999999999528,-0.00937472005727315,2.831234500351187,0.35516468375335364,-0.012081957948512087,-0.21751356189395984,-3.441477923112874,0.004176133580827608,0.07518364937056057,-0.7860151057282385,0.004176133580827608,0.07518364937056057,-0.7860151057282385,landing,3.4483660505504585
26.339999999999527,-0.009614692695698838,2.8269142317686025,0.2860250243164474,-0.011998631921284433,-0.21601342912922097,-3.4569829718453113,0.004166301361382735,0.0750066382369437,-0.775252436621866,0.004166301361382735,0.0750066382369437,-0.775252436621866,landing,3.4637460987145965
26.359999999999527,-0.009853002925544236,2.8226238918129147,0.21657952933082325,-0.01191551149226991,-0.21451699778438837,-3.4722747492812074,0.004156021450726138,0.07482156724163012,-0.7645888717948008,0.004156021450726138,0.07482156724163012,-0.7645888717948008,landing,3.4789152700588186
26.379999999999526,-0.010089655033194395,2.818363403315598,0.14683242433108368,-0.011832605382507872,-0.21302442486582981,-3.487355249986979,0.004145305488101913,0.07462864592792826,-0.7540250352885949,0.004145305488101913,0.07462864592792826,-0.7540250352885949,landing,3.493875506618875
26.399999999999526,-0.010324653474839535,2.8141326860510953,0.07678789473497642,-0.01174992208225701,-0.2115358632251292,-3.5022264798053624,0.004134165012543092,0.07442808203502957,-0.7435614909191746,0.004134165012543092,0.07442808203502957,-0.7435614909191746,landing,3.508628763199264
26.419999999999526,-0.01055800287190135,2.8099316568191592,0.006450085641360501,-0.011667469853090695,-0.21005146159680946,-3.516890454680796,0.0041226114583157135,0.07422008141598738,-0.7331987437716796,0.0041226114583157135,0.07422008141598738,-0.7331987437716796,landing,3.5231770061404277
26.439999999999525,-0.010789708006502915,2.805760229526407,0.0,0.0,0.0,0.0,0.004110656150624577,0.07400484796040682,-0.7229372416953863,0.004110656150624577,0.07400484796040682,-0.7229372416953863,landing,0.0
26.459999999999525,-0.010789708006502915,2.805760229526407,0.0,0.0,0.0,0.0,0.0,0.0,-9.81,0.0,0.0,-9.81,idle,0.0
26.479999999999524,-0.010789708006502915,2.805760229526407,0.0,0.0,0.0,0.0,0.0,0.0,-9.81,0.0,0.0,-9.81,idle,0.0
26.499999999999524,-0.010789708006502915,2.805760229526407,0.0,0.0,0.0,0.0,0.0,0.0,-9.81,0.0,0.0,-9.81,idle,0.0
26.519999999999524,-0.010789708006502915,2.805760229526407,0.0,0.0,0.0,0.0,0.0,0.0,-9.81,0.0,0.0,-9.81,idle,0.0
26.539999999999523,-0.010789708006502915,2.805760229526407,0.0,0.0,0.0,0.0,0.0,0.0,-9.81,0.0,0.0,-9.81,idle,0.0
26.559999999999523,-0.010789708006502915,2.805760229526407,0.0,0.0,0.0,0.0,0.0,0.0,-9.81,0.0,0.0,-9.81,idle,0.0
26.579999999999522,-0.010789708006502915,2.805760229526407,0.0,0.0,0.0,0.0,0.0,0.0,-9.81,0.0,0.0,-9.81,idle,0.0
26.599999999999522,-0.010789708006502915,2.805760229526407,0.0,0.0,0.0,0.0,0.0,0.0,-9.81,0.0,0.0,-9.81,idle,0.0
26.61999999999952,-0.010789708006502915,2.805760229526407,0.0,0.0,0.0,0.0,0.0,0.0,-9.81,0.0,0.0,-9.81,idle,0.0
26.63999999999952,-0.010789708006502915,2.805760229526407,0.0,0.0,0.0,0.0,0.0,0.0,-9.81,0.0,0.0,-9.81,idle,0.0
26.65999999999952,-0.010789708006502915,2.805760229526407,0.0,0.0,0.0,0.0,0.0,0.0,-9.81,0.0,0.0,-9.81,idle,0.0
26.67999999999952,-0.010789708006502915,2.805760229526407,0.0,0.0,0.0,0.0,0.0,0.0,-9.81,0.0,0.0,-9.81,idle,0.0
26.69999999999952,-0.010789708006502915,2.805760229526407,0.0,0.0,0.0,0.0,0.0,0.0,-9.81,0.0,0.0,-9.81,idle,0.0
26.71999999999952,-0.010789708006502915,2.805760229526407,0.0,0.0,0.0,0.0,0.0,0.0,-9.81,0.0,0.0,-9.81,idle,0.0
26.73999999999952,-0.010789708006502915,2.805760229526407,0.0,0.0,0.0,0.0,0.0,0.0,-9.81,0.0,0.0,-9.81,idle,0.0
26.75999999999952,-0.010789708006502915,2.805760229526407,0.0,0.0,0.0,0.0,0.0,0.0,-9.81,0.0,0.0,-9.81,idle,0.0
26.779999999999518,-0.010789708006502915,2.805760229526407,0.0,0.0,0.0,0.0,0.0,0.0,-9.81,0.0,0.0,-9.81,idle,0.0
26.799999999999518,-0.010789708006502915,2.805760229526407,0.0,0.0,0.0,0.0,0.0,0.0,-9.81,0.0,0.0,-9.81,idle,0.0
26.819999999999517,-0.010789708006502915,2.805760229526407,0.0,0.0,0.0,0.0,0.0,0.0,-9.81,0.0,0.0,-9.81,idle,0.0
26.839999999999517,-0.010789708006502915,2.805760229526407,0.0,0.0,0.0,0.0,0.0,0.0,-9.81,0.0,0.0,-9.81,idle,0.0
26.859999999999516,-0.010789708006502915,2.805760229526407,0.0,0.0,0.0,0.0,0.0,0.0,-9.81,0.0,0.0,-9.81,idle,0.0
26.879999999999516,-0.010789708006502915,2.805760229526407,0.0,0.0,0.0,0.0,0.0,0.0,-9.81,0.0,0.0,-9.81,idle,0.0
26.899999999999515,-0.010789708006502915,2.805760229526407,0.0,0.0,0.0,0.0,0.0,0.0,-9.81,0.0,0.0,-9.81,idle,0.0
26.919999999999515,-0.010789708006502915,2.805760229526407,0.0,0.0,0.0,0.0,0.0,0.0,-9.81,0.0,0.0,-9.81,idle,0.0
26.939999999999515,-0.010789708006502915,2.805760229526407,0.0,0.0,0.0,0.0,0.0,0.0,-9.81,0.0,0.0,-9.81,idle,0.0
26.959999999999514,-0.010789708006502915,2.805760229526407,0.0,0.0,0.0,0.0,0.0,0.0,-9.81,0.0,0.0,-9.81,idle,0.0
26.979999999999514,-0.010789708006502915,2.805760229526407,0.0,0.0,0.0,0.0,0.0,0.0,-9.81,0.0,0.0,-9.81,idle,0.0
26.999999999999513,-0.010789708006502915,2.805760229526407,0.0,0.0,0.0,0.0,0.0,0.0,-9.81,0.0,0.0,-9.81,idle,0.0
